Username,ID,Money Available,Role,Password,First Name,DOB,Flights Purchased,MinerAirlines Membership,Last Name
rickygardner,565,12484.89,Employee,Fun!23,Ricky,1/25/00,0,FALSE,Gardner
benjaminramirez,398,11703.53,Employee,Fun!23,Benjamin,4/12/00,0,TRUE,Ramirez
emmaarmstrong,338,7916.14,Employee,Fun!23,Emma,5/10/00,0,TRUE,Armstrong
gloriapage,304,2526.31,Employee,Fun!23,Gloria,6/5/00,0,FALSE,Page
jameshenderson,242,14542.96,Employee,Fun!23,James,6/16/00,0,FALSE,Henderson
victorross,604,8424.8,Employee,Fun!23,Victor,8/11/00,0,TRUE,Ross
sheriadams,585,3921.69,Employee,Fun!23,Sheri,8/20/00,0,FALSE,Adams
theresamacias,301,4867.44,Employee,Fun!23,Theresa,8/27/00,0,FALSE,Macias
erikalopez,623,5370.49,Employee,Fun!23,Erika,10/30/00,0,TRUE,Lopez
valeriemoore,349,12125.01,Employee,Fun!23,Valerie,12/31/00,0,FALSE,Moore
jenniferdavidson,879,3873.14,Employee,Fun!23,Jennifer,2/19/01,0,TRUE,Davidson
stevenmiller,919,12885.75,Employee,Fun!23,Steven,3/10/01,0,FALSE,Miller
georgewood,466,5891.03,Employee,Fun!23,George,4/17/01,0,FALSE,Wood
crystalhayes,827,5786.22,Employee,Fun!23,Crystal,8/1/01,0,FALSE,Hayes
terrencedixon,973,8436.37,Employee,Fun!23,Terrence,9/9/01,0,FALSE,Dixon
tylerevans,931,3265.38,Employee,Fun!23,Tyler,9/12/01,0,TRUE,Evans
jacobcontreras,629,9998.26,Employee,Fun!23,Jacob,9/30/01,0,TRUE,Contreras
kimberlyroberts,736,12478.6,Employee,Fun!23,Kimberly,10/11/01,0,TRUE,Roberts
gabrielasigalaacosta,80,6561.62,Employee,Fun!23,Gabriela,1/6/02,0,FALSE,SigalaAcosta
lisagaines,315,10253.32,Employee,Fun!23,Lisa,3/18/02,0,FALSE,Gaines
jasminedisney,10,3426.06,Customer,Fun!23,Jasmine,3/22/02,0,TRUE,Disney
barbaralove,897,3218.95,Employee,Fun!23,Barbara,4/9/02,0,FALSE,Love
patricklarsen,438,2435.54,Employee,Fun!23,Patrick,4/21/02,0,FALSE,Larsen
haleymoss,164,6002.38,Employee,Fun!23,Haley,5/8/02,0,FALSE,Moss
heidipage,558,12804.51,Employee,Fun!23,Heidi,6/1/02,0,TRUE,Page
jenniferguzman,726,3385.68,Employee,Fun!23,Jennifer,6/13/02,0,TRUE,Guzman
christinavillanueva,883,13365.43,Employee,Fun!23,Christina,6/16/02,0,TRUE,Villanueva
jamesnolan,200,4970.07,Employee,Fun!23,James,7/31/02,0,TRUE,Nolan
alexandrafox,463,4992.66,Employee,Fun!23,Alexandra,8/8/02,0,FALSE,Fox
marklee,222,9811.87,Employee,Fun!23,Mark,9/9/02,0,TRUE,Lee
kennethsmith,354,5932.42,Employee,Fun!23,Kenneth,9/25/02,0,TRUE,Smith
haydenmcdaniel,780,3276.08,Employee,Fun!23,Hayden,10/9/02,0,TRUE,Mcdaniel
bryanhardy,327,12293.88,Employee,Fun!23,Bryan,10/22/02,0,FALSE,Hardy
codyrobles,720,2919.75,Employee,Fun!23,Cody,12/1/02,0,FALSE,Robles
rodneymcneil,743,14969.36,Employee,Fun!23,Rodney,2/11/03,0,FALSE,Mcneil
patriciahughes,1015,6439,Employee,Fun!23,Patricia,2/27/03,0,FALSE,Hughes
josephmacdonald,589,4973.31,Employee,Fun!23,Joseph,3/11/03,0,FALSE,Macdonald
michellepruitt,535,2202.92,Employee,Fun!23,Michelle,5/18/03,0,FALSE,Pruitt
katherinemcdonald,951,11694.47,Employee,Fun!23,Katherine,6/22/03,0,TRUE,Mcdonald
susangarcia,278,5108.06,Employee,Fun!23,Susan,8/11/03,0,TRUE,Garcia
paulherman,943,5201.29,Employee,Fun!23,Paul,10/27/03,0,FALSE,Herman
joshuabanks,716,3030.01,Employee,Fun!23,Joshua,1/3/04,0,FALSE,Banks
philipchaney,458,6056.5,Employee,Fun!23,Philip,2/27/04,0,FALSE,Chaney
dennissmith,745,9084.32,Employee,Fun!23,Dennis,3/28/04,0,TRUE,Smith
alondragonzalezayala,53,4371.01,Employee,Fun!23,Alondra,4/12/04,0,TRUE,GonzalezAyala
erinmejia,797,9233.21,Employee,Fun!23,Erin,5/1/04,0,FALSE,Mejia
ambersellers,489,14707.16,Employee,Fun!23,Amber,5/3/04,0,TRUE,Sellers
bretthiggins,880,12099.21,Employee,Fun!23,Brett,5/22/04,0,TRUE,Higgins
nancyrobles,528,14507.61,Employee,Fun!23,Nancy,9/3/04,0,TRUE,Robles
jillsolis,430,5495.43,Employee,Fun!23,Jill,9/11/04,0,FALSE,Solis
davidgardner,146,11941.78,Employee,Fun!23,David,9/16/04,0,TRUE,Gardner
donnatravis,393,7046.12,Employee,Fun!23,Donna,2/8/05,0,TRUE,Travis
kristinapatrick,434,10440.99,Employee,Fun!23,Kristina,2/16/05,0,FALSE,Patrick
darinporter,251,10517.57,Employee,Fun!23,Darin,4/28/05,0,FALSE,Porter
davidjohnson,1003,7134.07,Employee,Fun!23,David,5/12/05,0,TRUE,Johnson
danielfoster,372,9765.82,Employee,Fun!23,Daniel,6/2/05,0,TRUE,Foster
bellaquintero,65,5818.66,Employee,Fun!23,Bella,8/29/05,0,TRUE,Quintero
tiffanymay,427,3804.06,Employee,Fun!23,Tiffany,9/17/05,0,FALSE,May
erikcase,244,14585.68,Employee,Fun!23,Erik,10/16/05,0,FALSE,Case
dianavalles,39,2484.87,Employee,Fun!23,Diana,10/27/05,0,TRUE,Valles
michaelmorton,521,4944.99,Employee,Fun!23,Michael,10/31/05,0,FALSE,Morton
amberconley,944,13882.93,Employee,Fun!23,Amber,12/7/05,0,FALSE,Conley
andrewmcclure,613,9537.31,Employee,Fun!23,Andrew,12/21/05,0,TRUE,Mcclure
courtneyolsen,1009,13060.42,Employee,Fun!23,Courtney,1/1/06,0,FALSE,Olsen
josephlewis,236,6471.9,Employee,Fun!23,Joseph,1/14/06,0,TRUE,Lewis
michellewood,481,8463.74,Employee,Fun!23,Michelle,3/9/06,0,FALSE,Wood
darrengibbs,612,4248.92,Employee,Fun!23,Darren,3/13/06,0,FALSE,Gibbs
lisapeters,860,7538.45,Employee,Fun!23,Lisa,3/25/06,0,FALSE,Peters
tyronejohnston,680,12694.42,Employee,Fun!23,Tyrone,7/11/06,0,TRUE,Johnston
tanyaturner,823,2607.1,Employee,Fun!23,Tanya,12/23/06,0,TRUE,Turner
christiansmith,224,3315.84,Employee,Fun!23,Christian,4/26/07,0,FALSE,Smith
emilybrady,439,13525.43,Employee,Fun!23,Emily,5/25/07,0,FALSE,Brady
jessicabarragan,45,7800.11,Employee,Fun!23,Jessica,6/21/07,0,FALSE,Barragan
jerrysmith,616,4846.93,Employee,Fun!23,Jerry,6/21/07,0,TRUE,Smith
joelwelch,562,5370.55,Employee,Fun!23,Joel,6/22/07,0,TRUE,Welch
princeeric,31,5257.78,Customer,Fun!23,Prince,7/11/07,0,FALSE,Eric
davidcosta,579,5741.56,Employee,Fun!23,David,11/20/07,0,TRUE,Costa
matthewerickson,261,6206.06,Employee,Fun!23,Matthew,11/23/07,0,TRUE,Erickson
annmiller,688,8539.17,Employee,Fun!23,Ann,12/30/07,0,TRUE,Miller
williehobbs,729,10310.26,Employee,Fun!23,Willie,3/7/08,0,TRUE,Hobbs
alyssapoole,675,12680.6,Employee,Fun!23,Alyssa,4/19/08,0,FALSE,Poole
juanbrock,839,10649.17,Employee,Fun!23,Juan,5/4/08,0,FALSE,Brock
brittanyhawkins,120,13786.13,Employee,Fun!23,Brittany,7/12/08,0,FALSE,Hawkins
ryanwilkins,446,12402.73,Employee,Fun!23,Ryan,7/17/08,0,FALSE,Wilkins
seanhull,406,4768.03,Employee,Fun!23,Sean,8/31/08,0,TRUE,Hull
christopherunderwood,735,9269.37,Employee,Fun!23,Christopher,9/18/08,0,FALSE,Underwood
jenniferpreston,983,4412.19,Employee,Fun!23,Jennifer,11/26/08,0,FALSE,Preston
angelbarber,495,4573.92,Employee,Fun!23,Angel,12/5/08,0,TRUE,Barber
craigfleming,832,12180.7,Employee,Fun!23,Craig,3/3/09,0,TRUE,Fleming
tanyakent,394,10311.63,Employee,Fun!23,Tanya,4/11/09,0,TRUE,Kent
lisabrown,353,10815.25,Employee,Fun!23,Lisa,5/29/09,0,TRUE,Brown
ianrybak,77,4027.63,Employee,Fun!23,Ian,7/28/09,0,FALSE,Rybak
krystalthompson,397,4713.24,Employee,Fun!23,Krystal,8/24/09,0,FALSE,Thompson
emmapadilla,431,14420,Employee,Fun!23,Emma,9/8/09,0,FALSE,Padilla
isabellagaytan,40,9753.18,Employee,Fun!23,Isabella,10/9/09,0,TRUE,Gaytan
rebeccabrown,436,11409.56,Employee,Fun!23,Rebecca,11/19/09,0,FALSE,Brown
tanyadavis,272,11584.88,Employee,Fun!23,Tanya,11/30/09,0,FALSE,Davis
edwardmolina,611,10414.86,Employee,Fun!23,Edward,12/20/09,0,FALSE,Molina
darleneshaw,496,13364.16,Employee,Fun!23,Darlene,1/26/10,0,FALSE,Shaw
jasonclark,677,5799.56,Employee,Fun!23,Jason,2/11/10,0,TRUE,Clark
dereklopez,631,11344.7,Employee,Fun!23,Derek,3/21/10,0,TRUE,Lopez
hannahmaldonado,507,4646.32,Employee,Fun!23,Hannah,5/25/10,0,FALSE,Maldonado
ericaharrison,102,12441.5,Employee,Fun!23,Erica,6/18/10,0,FALSE,Harrison
mistyjimenez,570,13249.93,Employee,Fun!23,Misty,8/24/10,0,TRUE,Jimenez
robertpreston,104,11193.69,Employee,Fun!23,Robert,9/25/10,0,TRUE,Preston
kevinlarson,462,9528.52,Employee,Fun!23,Kevin,11/3/10,0,FALSE,Larson
ethanholmes,203,2511.64,Employee,Fun!23,Ethan,12/4/10,0,FALSE,Holmes
mariamitchell,298,4087,Employee,Fun!23,Maria,3/6/11,0,TRUE,Mitchell
robertpark,225,11330.93,Employee,Fun!23,Robert,6/5/11,0,TRUE,Park
stevenhartman,661,8106.76,Employee,Fun!23,Steven,6/19/11,0,TRUE,Hartman
crystalrice,465,6443.27,Employee,Fun!23,Crystal,10/5/11,0,TRUE,Rice
victoriaellis,909,12204.76,Employee,Fun!23,Victoria,10/21/11,0,FALSE,Ellis
douglasmckay,972,10180.97,Employee,Fun!23,Douglas,11/6/11,0,TRUE,Mckay
shannonholden,178,8125.55,Employee,Fun!23,Shannon,1/19/12,0,TRUE,Holden
karenzhang,265,10686.23,Employee,Fun!23,Karen,2/26/12,0,TRUE,Zhang
cassandracook,581,6823.96,Employee,Fun!23,Cassandra,6/27/12,0,TRUE,Cook
christopherlucero,864,10302.16,Employee,Fun!23,Christopher,7/3/12,0,TRUE,Lucero
kennethboyd,878,4746.76,Employee,Fun!23,Kenneth,9/16/12,0,TRUE,Boyd
susandavis,295,9520.93,Employee,Fun!23,Susan,10/5/12,0,TRUE,Davis
davidgross,247,7817.63,Employee,Fun!23,David,12/1/12,0,FALSE,Gross
nicolelloyd,852,6008.18,Employee,Fun!23,Nicole,12/2/12,0,FALSE,Lloyd
christinavaltierra,84,13817.91,Employee,Fun!23,Christina,12/15/12,0,FALSE,Valtierra
howarddavenport,752,9331.85,Employee,Fun!23,Howard,1/5/13,0,TRUE,Davenport
danamiller,842,13475.2,Employee,Fun!23,Dana,2/27/13,0,TRUE,Miller
shannonbennett,274,9289.35,Employee,Fun!23,Shannon,3/18/13,0,TRUE,Bennett
tammywaters,971,14426.84,Employee,Fun!23,Tammy,3/23/13,0,FALSE,Waters
brittanyray,229,13718.3,Employee,Fun!23,Brittany,4/10/13,0,FALSE,Ray
stevenowens,488,12865.75,Employee,Fun!23,Steven,6/28/13,0,FALSE,Owens
christopherberry,963,11750.51,Employee,Fun!23,Christopher,6/29/13,0,FALSE,Berry
elizabethcastillo,806,4725.51,Employee,Fun!23,Elizabeth,7/15/13,0,FALSE,Castillo
christinawheeler,348,2295.91,Employee,Fun!23,Christina,8/27/13,0,TRUE,Wheeler
aprillopez,915,11394.97,Employee,Fun!23,April,9/22/13,0,TRUE,Lopez
wendystanton,468,7846.66,Employee,Fun!23,Wendy,9/28/13,0,TRUE,Stanton
alejandramorris,250,10529.39,Employee,Fun!23,Alejandra,10/3/13,0,FALSE,Morris
johnblevins,692,5248.05,Employee,Fun!23,John,10/25/13,0,TRUE,Blevins
josephdavis,887,14785.5,Employee,Fun!23,Joseph,12/28/13,0,FALSE,Davis
lorettaphillips,654,2951.7,Employee,Fun!23,Loretta,6/21/14,0,FALSE,Phillips
michaelsmith,181,14063.32,Employee,Fun!23,Michael,6/27/14,0,TRUE,Smith
sariyahrussell,76,3201.11,Employee,Fun!23,Sariyah,7/23/14,0,FALSE,Russell
jamieconner,518,10170.73,Employee,Fun!23,Jamie,9/5/14,0,FALSE,Conner
jasonburke,160,13327.94,Employee,Fun!23,Jason,12/19/14,0,TRUE,Burke
jeffreybest,697,2464.7,Employee,Fun!23,Jeffrey,3/8/15,0,TRUE,Best
michaelwilliamson,833,4949.66,Employee,Fun!23,Michael,5/3/15,0,FALSE,Williamson
melissamccormick,105,13599.53,Employee,Fun!23,Melissa,6/15/15,0,TRUE,Mccormick
hollycruz,730,8843.47,Employee,Fun!23,Holly,7/4/15,0,FALSE,Cruz
anthonybrooks,594,4171.79,Employee,Fun!23,Anthony,7/26/15,0,FALSE,Brooks
juliangutierrez,484,2026.42,Employee,Fun!23,Julian,8/10/15,0,FALSE,Gutierrez
belledisney,21,8473.53,Customer,Fun!23,Belle,10/13/15,0,FALSE,Disney
williamortiz,676,6264.09,Employee,Fun!23,William,10/18/15,0,TRUE,Ortiz
danielledorsey,506,6709.54,Employee,Fun!23,Danielle,1/11/16,0,TRUE,Dorsey
kevinharrison,858,8452.33,Employee,Fun!23,Kevin,2/6/16,0,TRUE,Harrison
nicholasjackson,670,13163.92,Employee,Fun!23,Nicholas,3/3/16,0,TRUE,Jackson
melissamcdonald,652,12836.69,Employee,Fun!23,Melissa,3/8/16,0,FALSE,Mcdonald
jeffreyluna,296,6808.21,Employee,Fun!23,Jeffrey,3/30/16,0,FALSE,Luna
richardsullivan,767,10680.67,Employee,Fun!23,Richard,5/21/16,0,FALSE,Sullivan
antoniobrooks,361,5880.07,Employee,Fun!23,Antonio,5/25/16,0,FALSE,Brooks
dorothycox,245,4654.17,Employee,Fun!23,Dorothy,7/1/16,0,TRUE,Cox
monicacraig,747,9054.41,Employee,Fun!23,Monica,8/31/16,0,FALSE,Craig
garymckenzie,921,14289.44,Employee,Fun!23,Gary,9/3/16,0,FALSE,Mckenzie
seanmedina,142,3110.38,Employee,Fun!23,Sean,9/4/16,0,TRUE,Medina
michaelthomas,777,7626.74,Employee,Fun!23,Michael,9/8/16,0,TRUE,Thomas
danielromero,284,6206.15,Employee,Fun!23,Daniel,12/27/16,0,TRUE,Romero
dorismoore,422,8779.28,Employee,Fun!23,Doris,1/3/17,0,TRUE,Moore
mariakelly,1025,8584.64,Employee,Fun!23,Maria,2/15/17,0,TRUE,Kelly
justindavis,501,5937.48,Employee,Fun!23,Justin,2/20/17,0,TRUE,Davis
donaldduck,2,11582.71,Customer,Fun!23,Donald,3/21/17,0,TRUE,Duck
brittanyweaver,556,12829.88,Employee,Fun!23,Brittany,4/13/17,0,TRUE,Weaver
bruceclark,500,8986.5,Employee,Fun!23,Bruce,5/11/17,0,FALSE,Clark
timothywagner,1026,8005.23,Employee,Fun!23,Timothy,6/5/17,0,TRUE,Wagner
michaelmartinez,540,13615,Employee,Fun!23,Michael,10/15/17,0,TRUE,Martinez
anthonymoore,660,5910.57,Employee,Fun!23,Anthony,10/16/17,0,FALSE,Moore
keithellis,395,6711.7,Employee,Fun!23,Keith,11/3/17,0,FALSE,Ellis
teresastewart,712,2105.25,Employee,Fun!23,Teresa,12/12/17,0,TRUE,Stewart
danielolson,98,4290.23,Employee,Fun!23,Daniel,12/21/17,0,TRUE,Olson
markbutler,1021,11675.92,Employee,Fun!23,Mark,1/12/18,0,FALSE,Butler
brettwallace,881,2399.1,Employee,Fun!23,Brett,1/16/18,0,FALSE,Wallace
enriquerico,67,3597.56,Employee,Fun!23,Enrique,3/26/18,0,FALSE,Rico
lisastafford,377,9694.42,Employee,Fun!23,Lisa,4/3/18,0,FALSE,Stafford
johnhouse,875,2055.1,Employee,Fun!23,John,4/29/18,0,FALSE,House
dustinoliver,288,5531.93,Employee,Fun!23,Dustin,5/1/18,0,TRUE,Oliver
akinyemiakinjayeju,43,13288.33,Employee,Fun!23,Akinyemi,5/21/18,0,FALSE,Akinjayeju
herculesdisney,33,5299.83,Customer,Fun!23,Hercules,6/16/18,0,TRUE,Disney
joseespinoza gonzalez,52,6918.51,Employee,Fun!23,Jose,6/19/18,0,TRUE,Espinoza Gonzalez
ryanmcconnell,300,6127.08,Employee,Fun!23,Ryan,6/28/18,0,TRUE,Mcconnell
lindaalexander,459,8428.8,Employee,Fun!23,Linda,7/7/18,0,FALSE,Alexander
michelleray,771,9664.68,Employee,Fun!23,Michelle,1/2/19,0,TRUE,Ray
michelleholland,128,3573.22,Employee,Fun!23,Michelle,1/29/19,0,FALSE,Holland
danawilliams,94,6817.43,Employee,Fun!23,Dana,3/7/19,0,TRUE,Williams
dorismercado,475,8498.83,Employee,Fun!23,Doris,4/10/19,0,TRUE,Mercado
brookemaxwell,1035,4899.55,Employee,Fun!23,Brooke,6/21/19,0,FALSE,Maxwell
keithortiz,188,11014.86,Employee,Fun!23,Keith,8/23/19,0,FALSE,Ortiz
leonardking,705,3339.07,Employee,Fun!23,Leonard,9/16/19,0,TRUE,King
victoriamoses,525,7275.92,Employee,Fun!23,Victoria,9/19/19,0,FALSE,Moses
susanalvarez,214,8031.66,Employee,Fun!23,Susan,9/21/19,0,TRUE,Alvarez
jamespittman,177,4500.11,Employee,Fun!23,James,9/23/19,0,TRUE,Pittman
craigschaefer,268,13442.45,Employee,Fun!23,Craig,11/7/19,0,TRUE,Schaefer
shawnlee,813,10821.38,Employee,Fun!23,Shawn,12/28/19,0,TRUE,Lee
thomaselliott,383,5735.63,Employee,Fun!23,Thomas,1/5/20,0,FALSE,Elliott
williamwolf,356,12372.13,Employee,Fun!23,William,1/23/20,0,FALSE,Wolf
emilyestes,810,12741.07,Employee,Fun!23,Emily,2/14/20,0,FALSE,Estes
kellyyu,223,7975.79,Employee,Fun!23,Kelly,3/9/20,0,FALSE,Yu
scottrose,399,7784.71,Employee,Fun!23,Scott,3/18/20,0,FALSE,Rose
geraldbaker,450,8280.34,Employee,Fun!23,Gerald,4/4/20,0,TRUE,Baker
lisayu,1023,3310,Employee,Fun!23,Lisa,5/4/20,0,TRUE,Yu
jasonskinner,460,12118.64,Employee,Fun!23,Jason,8/25/20,0,FALSE,Skinner
albertovillegas,87,3619.29,Employee,Fun!23,Alberto,12/6/20,0,FALSE,Villegas
rubenedwards,402,8497.03,Employee,Fun!23,Ruben,2/4/21,0,FALSE,Edwards
victoriamartin,152,8016.42,Employee,Fun!23,Victoria,2/28/21,0,FALSE,Martin
samanthathomas,437,4314.77,Employee,Fun!23,Samantha,4/20/21,0,TRUE,Thomas
sandrasutton,868,8832.72,Employee,Fun!23,Sandra,5/25/21,0,TRUE,Sutton
aliciamoran,816,14565.03,Employee,Fun!23,Alicia,6/5/21,0,TRUE,Moran
thomasbonilla,478,10657.63,Employee,Fun!23,Thomas,6/28/21,0,FALSE,Bonilla
sherriarmstrong,628,10954.82,Employee,Fun!23,Sherri,12/6/21,0,TRUE,Armstrong
stephanieobrien,799,10275.26,Employee,Fun!23,Stephanie,4/6/22,0,TRUE,Obrien
jamesking,123,8199.77,Employee,Fun!23,James,4/8/22,0,FALSE,King
elizabethtorres,754,7293.63,Employee,Fun!23,Elizabeth,6/29/22,0,TRUE,Torres
timothygreene,990,14385.64,Employee,Fun!23,Timothy,7/31/22,0,FALSE,Greene
reneebradley,113,2488.87,Employee,Fun!23,Renee,12/30/22,0,FALSE,Bradley
susanhumphrey,257,13515,Employee,Fun!23,Susan,2/16/23,0,FALSE,Humphrey
shawnsantos,996,14755.4,Employee,Fun!23,Shawn,3/30/23,0,FALSE,Santos
marycruz,292,2093.36,Employee,Fun!23,Mary,6/22/23,0,TRUE,Cruz
elizabethcruz,423,11955.03,Employee,Fun!23,Elizabeth,7/5/23,0,FALSE,Cruz
cynthiagiles,686,4374.01,Employee,Fun!23,Cynthia,9/9/23,0,FALSE,Giles
nicholasanderson,195,5080.43,Employee,Fun!23,Nicholas,10/5/23,0,FALSE,Anderson
douglashernandez,710,6676.97,Employee,Fun!23,Douglas,10/27/23,0,FALSE,Hernandez
cruellade vil,22,14678.39,Customer,Fun!23,Cruella,12/12/23,0,FALSE,De Vil
kellyjordan,724,6779.65,Employee,Fun!23,Kelly,1/4/24,0,TRUE,Jordan
joshuahickman,725,13684.53,Employee,Fun!23,Joshua,1/5/24,0,FALSE,Hickman
justinhawkins,895,8470.2,Employee,Fun!23,Justin,3/21/24,0,TRUE,Hawkins
ashleyromero,140,11534,Employee,Fun!23,Ashley,5/4/24,0,TRUE,Romero
michellemaldonado,192,13159.21,Employee,Fun!23,Michelle,5/31/24,0,FALSE,Maldonado
amybradley,309,4945.51,Employee,Fun!23,Amy,7/8/24,0,TRUE,Bradley
michaelmoran,159,6846.97,Employee,Fun!23,Michael,7/31/24,0,TRUE,Moran
marissaoconnell,311,9561.55,Employee,Fun!23,Marissa,12/31/24,0,FALSE,Oconnell
jose luisrojas,73,13282.93,Employee,Fun!23,Jose Luis,3/16/25,0,TRUE,Rojas
tyronealvarado,882,2071.35,Employee,Fun!23,Tyrone,3/25/25,0,FALSE,Alvarado
thomashall,709,8394.35,Employee,Fun!23,Thomas,5/11/25,0,FALSE,Hall
robertleblanc,572,13430.28,Employee,Fun!23,Robert,5/20/25,0,TRUE,Leblanc
andreramos,900,6374.36,Employee,Fun!23,Andre,5/29/25,0,FALSE,Ramos
colleenhall,793,14247.2,Employee,Fun!23,Colleen,8/3/25,0,TRUE,Hall
brandondillon,573,13941.5,Employee,Fun!23,Brandon,8/4/25,0,TRUE,Dillon
dennisreynolds,533,4885.82,Employee,Fun!23,Dennis,8/13/25,0,TRUE,Reynolds
michaelmccormick,738,7903.91,Employee,Fun!23,Michael,12/25/25,0,TRUE,Mccormick
sarahstanton,834,13200.19,Employee,Fun!23,Sarah,1/6/26,0,TRUE,Stanton
anitafletcher,753,2234.58,Employee,Fun!23,Anita,2/25/26,0,FALSE,Fletcher
victorharris,718,9693.39,Employee,Fun!23,Victor,5/20/26,0,TRUE,Harris
derekmacias,662,8722.79,Employee,Fun!23,Derek,7/11/26,0,TRUE,Macias
kaylamahoney,409,3362.52,Employee,Fun!23,Kayla,8/25/26,0,FALSE,Mahoney
samuelramossanchez,66,2330.73,Employee,Fun!23,Samuel,9/29/26,0,TRUE,RamosSanchez
mayrarobles,69,8649.54,Employee,Fun!23,Mayra,10/16/26,0,TRUE,Robles
deborahscott,456,12083.83,Employee,Fun!23,Deborah,12/3/26,0,FALSE,Scott
gailparker,141,14168.26,Employee,Fun!23,Gail,12/22/26,0,TRUE,Parker
natalierichardson,622,9591.17,Employee,Fun!23,Natalie,12/27/26,0,TRUE,Richardson
chadgreen,822,4278.12,Employee,Fun!23,Chad,12/28/26,0,FALSE,Green
joannaknight,649,14532.85,Employee,Fun!23,Joanna,2/11/27,0,FALSE,Knight
tamiweaver,509,3078.42,Employee,Fun!23,Tami,6/7/27,0,FALSE,Weaver
laurasmith,308,14781.4,Employee,Fun!23,Laura,6/17/27,0,TRUE,Smith
stevenhernandez,511,11784.04,Employee,Fun!23,Steven,6/21/27,0,TRUE,Hernandez
raymondwoodward,435,6008.6,Employee,Fun!23,Raymond,7/5/27,0,FALSE,Woodward
hectorwhitney,790,13620.04,Employee,Fun!23,Hector,8/28/27,0,TRUE,Whitney
caseynavarro,812,4981.31,Employee,Fun!23,Casey,9/26/27,0,FALSE,Navarro
ashleymagallanes,60,3828.39,Employee,Fun!23,Ashley,10/18/27,0,TRUE,Magallanes
mollycohen,205,11722.38,Employee,Fun!23,Molly,10/27/27,0,FALSE,Cohen
brandidaniel,814,10082.62,Employee,Fun!23,Brandi,11/21/27,0,FALSE,Daniel
christianellis,867,13161.68,Employee,Fun!23,Christian,12/1/27,0,TRUE,Ellis
buzzlightyear,17,2813.51,Customer,Fun!23,Buzz,12/2/27,0,TRUE,Lightyear
dylanharris,156,5319.14,Employee,Fun!23,Dylan,2/6/28,0,FALSE,Harris
elizabethmedina,998,10980.88,Employee,Fun!23,Elizabeth,2/18/28,0,FALSE,Medina
jeffreymarquez,246,13535.26,Employee,Fun!23,Jeffrey,2/23/28,0,TRUE,Marquez
angelaenglish,1033,11306.25,Employee,Fun!23,Angela,2/27/28,0,TRUE,English
jafaraladdin,18,12841.85,Customer,Fun!23,Jafar,3/16/28,0,FALSE,Aladdin
juliayoung,700,8571.27,Employee,Fun!23,Julia,6/28/28,0,FALSE,Young
jenniferhuang,904,6679,Employee,Fun!23,Jennifer,9/16/28,0,TRUE,Huang
jamesromero,264,14942.97,Employee,Fun!23,James,9/26/28,0,FALSE,Romero
lauriejohnson,855,11631.89,Employee,Fun!23,Laurie,10/18/28,0,TRUE,Johnson
jessicaolsen,538,12279.81,Employee,Fun!23,Jessica,10/25/28,0,FALSE,Olsen
brandoncartwrightli,47,10397.59,Employee,Fun!23,Brandon,11/9/28,0,TRUE,CartwrightLi
edwardhernandez,143,2434.19,Employee,Fun!23,Edward,11/17/28,0,TRUE,Hernandez
angelacarney,744,3467.53,Employee,Fun!23,Angela,1/26/29,0,FALSE,Carney
susanhill,161,4188.44,Employee,Fun!23,Susan,2/3/29,0,FALSE,Hill
annrogers,820,12803.39,Employee,Fun!23,Ann,2/11/29,0,FALSE,Rogers
danielsummers,949,14119.39,Employee,Fun!23,Daniel,3/8/29,0,TRUE,Summers
simbadisney,12,10711.61,Customer,Fun!23,Simba,3/23/29,0,TRUE,Disney
melissarivera,326,2526.9,Employee,Fun!23,Melissa,3/23/29,0,TRUE,Rivera
franciscovazquez,85,13433.73,Employee,Fun!23,Francisco,4/13/29,0,FALSE,Vazquez
chelseagallagher,109,2319.2,Employee,Fun!23,Chelsea,8/2/29,0,TRUE,Gallagher
brendanphillips,911,2967.64,Employee,Fun!23,Brendan,8/31/29,0,FALSE,Phillips
enriquemunoz,62,6240.55,Employee,Fun!23,Enrique,9/7/29,0,TRUE,Munoz
samuelharrington,175,7895.16,Employee,Fun!23,Samuel,10/15/29,0,FALSE,Harrington
laurenhall,282,3539.02,Employee,Fun!23,Lauren,11/18/29,0,TRUE,Hall
jessicamartin,255,7449.28,Employee,Fun!23,Jessica,12/29/29,0,TRUE,Martin
jorgehaley,722,9448.61,Employee,Fun!23,Jorge,2/1/30,0,FALSE,Haley
jenniferwilliams,163,14445.11,Employee,Fun!23,Jennifer,4/18/30,0,TRUE,Williams
theresaclark,580,6613.62,Employee,Fun!23,Theresa,4/27/30,0,FALSE,Clark
robertwilson,359,12987.33,Employee,Fun!23,Robert,8/6/30,0,FALSE,Wilson
dawnking,283,4303.58,Employee,Fun!23,Dawn,8/8/30,0,TRUE,King
kimberlyrichardson,183,12365.4,Employee,Fun!23,Kimberly,9/21/30,0,TRUE,Richardson
amberbrown,360,2654.24,Employee,Fun!23,Amber,11/8/30,0,FALSE,Brown
kimberlymiller,933,9813.02,Employee,Fun!23,Kimberly,11/24/30,0,FALSE,Miller
peterpan,15,12861.4,Customer,Fun!23,Peter,12/26/30,0,TRUE,Pan
johnjones,731,5201.61,Employee,Fun!23,John,3/17/31,0,TRUE,Jones
jessicalloyd,828,14448.44,Employee,Fun!23,Jessica,4/25/31,0,TRUE,Lloyd
cynthiaellis,837,4739.7,Employee,Fun!23,Cynthia,6/22/31,0,FALSE,Ellis
geoffwaller,88,6009.32,Employee,Fun!23,Geoff,7/29/31,0,TRUE,Waller
danielsmith,717,4528.68,Employee,Fun!23,Daniel,7/31/31,0,FALSE,Smith
christopherdominguez,364,10057.17,Employee,Fun!23,Christopher,8/17/31,0,TRUE,Dominguez
joelarellano,240,7401.42,Employee,Fun!23,Joel,9/24/31,0,TRUE,Arellano
crystalhudson,110,13171.75,Employee,Fun!23,Crystal,1/4/32,0,TRUE,Hudson
briancastillo,263,12927.92,Employee,Fun!23,Brian,4/10/32,0,FALSE,Castillo
robertwu,258,13107.96,Employee,Fun!23,Robert,5/25/32,0,FALSE,Wu
bethmoss,1010,9545.93,Employee,Fun!23,Beth,5/30/32,0,TRUE,Moss
gastondisney,25,11332.24,Customer,Fun!23,Gaston,6/12/32,0,TRUE,Disney
kimberlyharris,1032,5174.77,Employee,Fun!23,Kimberly,7/18/32,0,FALSE,Harris
rickparrish,610,3984.24,Employee,Fun!23,Rick,8/4/32,0,TRUE,Parrish
gregoryshort,922,6724.64,Employee,Fun!23,Gregory,9/4/32,0,TRUE,Short
adammaldonado,297,3742.3,Employee,Fun!23,Adam,9/10/32,0,FALSE,Maldonado
brianrodilesdelgado,70,5658.02,Employee,Fun!23,Brian,9/13/32,0,TRUE,RodilesDelgado
bobbygonzales,559,6419.77,Employee,Fun!23,Bobby,9/13/32,0,TRUE,Gonzales
kayleepatterson,241,9309.14,Employee,Fun!23,Kaylee,10/12/32,0,FALSE,Patterson
bradleybell,576,4432.49,Employee,Fun!23,Bradley,11/19/32,0,FALSE,Bell
samanthacooper,485,13032.47,Employee,Fun!23,Samantha,11/20/32,0,FALSE,Cooper
megansmith,756,6501.34,Employee,Fun!23,Megan,11/28/32,0,FALSE,Smith
codyscott,186,8381.28,Employee,Fun!23,Cody,12/3/32,0,TRUE,Scott
karlajohnson,172,10157.16,Employee,Fun!23,Karla,3/24/33,0,TRUE,Johnson
kirstenrobinson,115,5913.8,Employee,Fun!23,Kirsten,4/14/33,0,TRUE,Robinson
jasmincuevas,48,7429.13,Employee,Fun!23,Jasmin,7/14/33,0,FALSE,Cuevas
vincentharrison,962,4018.03,Employee,Fun!23,Vincent,7/14/33,0,FALSE,Harrison
michellemaynard,805,6112.53,Employee,Fun!23,Michelle,8/29/33,0,FALSE,Maynard
philipzamora,157,5486.51,Employee,Fun!23,Philip,9/16/33,0,TRUE,Zamora
miguellucero,58,8028.13,Employee,Fun!23,Miguel,11/18/33,0,FALSE,Lucero
karenthomas,259,3035.46,Employee,Fun!23,Karen,11/29/33,0,FALSE,Thomas
alexandercameron,333,3404,Employee,Fun!23,Alexander,12/1/33,0,FALSE,Cameron
davidthomas,266,13013.7,Employee,Fun!23,David,12/9/33,0,TRUE,Thomas
jessicaramirez,645,9289.84,Employee,Fun!23,Jessica,1/3/34,0,FALSE,Ramirez
paulharmon,861,5449.52,Employee,Fun!23,Paul,1/4/34,0,TRUE,Harmon
rachelhart,766,6826.08,Employee,Fun!23,Rachel,1/6/34,0,FALSE,Hart
gabrielhansen,497,11239.2,Employee,Fun!23,Gabriel,1/20/34,0,FALSE,Hansen
anthonysanchez,168,2506.31,Employee,Fun!23,Anthony,2/1/34,0,TRUE,Sanchez
angelawalker,544,8548.44,Employee,Fun!23,Angela,2/13/34,0,TRUE,Walker
jenniferevans,768,4154.89,Employee,Fun!23,Jennifer,2/25/34,0,TRUE,Evans
andrewhall,1002,3678.04,Employee,Fun!23,Andrew,5/18/34,0,TRUE,Hall
kimberlyjohnson,551,6140.38,Employee,Fun!23,Kimberly,5/26/34,0,FALSE,Johnson
goofydisney,4,12097.58,Customer,Fun!23,Goofy,6/10/34,0,FALSE,Disney
anthonykramer,907,12633.15,Employee,Fun!23,Anthony,6/28/34,0,TRUE,Kramer
lilodisney,35,2066.31,Customer,Fun!23,Lilo,8/9/34,0,TRUE,Disney
josesmith,815,4725.67,Employee,Fun!23,Jose,10/2/34,0,FALSE,Smith
michellerivera,781,5956.34,Employee,Fun!23,Michelle,11/20/34,0,TRUE,Rivera
laurawilliams,1008,7755.39,Employee,Fun!23,Laura,12/12/34,0,FALSE,Williams
lindabennett,171,3354.42,Employee,Fun!23,Linda,12/24/34,0,FALSE,Bennett
phillipmeyer,719,5872.68,Employee,Fun!23,Phillip,12/31/34,0,TRUE,Meyer
jonathanchristian,316,7970.58,Employee,Fun!23,Jonathan,1/11/35,0,FALSE,Christian
ronaldparker,137,2184.87,Employee,Fun!23,Ronald,1/20/35,0,TRUE,Parker
bradleyrodriguez,303,5049.16,Employee,Fun!23,Bradley,3/7/35,0,FALSE,Rodriguez
eduardoromero,74,11994.15,Employee,Fun!23,Eduardo,3/8/35,0,FALSE,Romero
stitchdisney,36,5494.19,Customer,Fun!23,Stitch,5/16/35,0,TRUE,Disney
ronaldkent,340,9539.65,Employee,Fun!23,Ronald,7/26/35,0,FALSE,Kent
colleensanchez,630,3656.58,Employee,Fun!23,Colleen,7/30/35,0,FALSE,Sanchez
matthewmason,893,12481.96,Employee,Fun!23,Matthew,11/12/35,0,TRUE,Mason
christophercraig,577,7683.08,Employee,Fun!23,Christopher,1/30/36,0,TRUE,Craig
mickeymouse,1,11804.35,Customer,Fun!23,Mickey,2/29/36,0,TRUE,Mouse
jamesbrennan,596,8471.75,Employee,Fun!23,James,3/12/36,0,TRUE,Brennan
philliprichardson,935,2987.85,Employee,Fun!23,Phillip,3/12/36,0,TRUE,Richardson
richardblackwell,155,7027.2,Employee,Fun!23,Richard,6/9/36,0,FALSE,Blackwell
alexanderkelly,233,11075.77,Employee,Fun!23,Alexander,8/17/36,0,TRUE,Kelly
andrewparks,202,5658.25,Employee,Fun!23,Andrew,9/18/36,0,FALSE,Parks
kayleehale,529,10617.69,Employee,Fun!23,Kaylee,9/27/36,0,TRUE,Hale
ashleyfrye,947,5586.23,Employee,Fun!23,Ashley,2/21/37,0,FALSE,Frye
sherrivelasquez,536,14599.85,Employee,Fun!23,Sherri,3/7/37,0,FALSE,Velasquez
arieldisney,9,7988.21,Customer,Fun!23,Ariel,3/12/37,0,TRUE,Disney
catherinemann,761,9675.57,Employee,Fun!23,Catherine,3/12/37,0,TRUE,Mann
jennifermills,514,13864.12,Employee,Fun!23,Jennifer,3/28/37,0,FALSE,Mills
sabrinanguyen,779,6633.58,Employee,Fun!23,Sabrina,5/24/37,0,TRUE,Nguyen
edwardjackson,510,10463.89,Employee,Fun!23,Edward,6/13/37,0,FALSE,Jackson
andressoto,81,11826.04,Employee,Fun!23,Andres,9/13/37,0,TRUE,Soto
jerrycurtis,135,14223.45,Employee,Fun!23,Jerry,9/25/37,0,FALSE,Curtis
sharonmiller,201,9189.91,Employee,Fun!23,Sharon,10/25/37,0,TRUE,Miller
elizabethreyes,651,9885.2,Employee,Fun!23,Elizabeth,11/4/37,0,TRUE,Reyes
travismcdonald,111,7042.63,Employee,Fun!23,Travis,11/7/37,0,FALSE,Mcdonald
nathancoleman,182,2763.09,Employee,Fun!23,Nathan,2/16/38,0,TRUE,Coleman
douglasrodriguez,116,10743.49,Employee,Fun!23,Douglas,3/27/38,0,FALSE,Rodriguez
christopherfoster,368,5425.87,Employee,Fun!23,Christopher,3/30/38,0,FALSE,Foster
brianrojas,758,2479.03,Employee,Fun!23,Brian,5/26/38,0,FALSE,Rojas
tammythomas,1005,10198.99,Employee,Fun!23,Tammy,9/4/38,0,FALSE,Thomas
justinmartinez,420,9199.83,Employee,Fun!23,Justin,1/10/39,0,FALSE,Martinez
marygrant,928,3132.08,Employee,Fun!23,Mary,2/1/39,0,TRUE,Grant
jasmineramirez,305,2140.93,Employee,Fun!23,Jasmine,4/30/39,0,TRUE,Ramirez
courtneytran,547,3855.17,Employee,Fun!23,Courtney,6/25/39,0,TRUE,Tran
crystalyoung,637,12253.07,Employee,Fun!23,Crystal,9/17/39,0,FALSE,Young
richardedwards,541,11254.25,Employee,Fun!23,Richard,9/25/39,0,FALSE,Edwards
heatherrobbins,597,9001.73,Employee,Fun!23,Heather,10/1/39,0,TRUE,Robbins
omarhoang,54,13435,Employee,Fun!23,Omar,10/10/39,0,TRUE,Hoang
shannonavery,230,3827.88,Employee,Fun!23,Shannon,10/28/39,0,TRUE,Avery
kathleensmall,322,12599.1,Employee,Fun!23,Kathleen,11/23/39,0,FALSE,Small
andrewgarcia,176,10764.7,Employee,Fun!23,Andrew,12/30/39,0,FALSE,Garcia
markwashington,884,8703.84,Employee,Fun!23,Mark,1/16/40,0,TRUE,Washington
kevingould,486,3226.91,Employee,Fun!23,Kevin,3/8/40,0,TRUE,Gould
chelseaporter,337,10973.59,Employee,Fun!23,Chelsea,4/3/40,0,FALSE,Porter
ashleyjones,243,3196.08,Employee,Fun!23,Ashley,4/4/40,0,FALSE,Jones
luisdel campo,49,9673.12,Employee,Fun!23,Luis,4/18/40,0,TRUE,Del Campo
kyliesummers,545,3230.59,Employee,Fun!23,Kylie,5/27/40,0,TRUE,Summers
carlosirwin,908,2197.15,Employee,Fun!23,Carlos,7/3/40,0,TRUE,Irwin
wendymontoya,870,7698.46,Employee,Fun!23,Wendy,8/1/40,0,TRUE,Montoya
alisonhicks,850,8886.9,Employee,Fun!23,Alison,9/2/40,0,TRUE,Hicks
brookepadilla,256,7853.75,Employee,Fun!23,Brooke,9/24/40,0,TRUE,Padilla
annadavis,685,10815,Employee,Fun!23,Anna,10/19/40,0,FALSE,Davis
wendycampos,515,4810.5,Employee,Fun!23,Wendy,11/8/40,0,TRUE,Campos
richardpaul,783,10962.7,Employee,Fun!23,Richard,11/22/40,0,FALSE,Paul
denisejohnson,937,12672.82,Employee,Fun!23,Denise,12/11/40,0,FALSE,Johnson
mikayladennis,1012,11562.54,Employee,Fun!23,Mikayla,1/19/41,0,TRUE,Dennis
amyfuller,969,5689.63,Employee,Fun!23,Amy,3/16/41,0,TRUE,Fuller
brandonsmith,445,4027.1,Employee,Fun!23,Brandon,4/1/41,0,FALSE,Smith
sherrymora,865,13137.66,Employee,Fun!23,Sherry,4/18/41,0,FALSE,Mora
brettmathis,946,4892.18,Employee,Fun!23,Brett,5/7/41,0,TRUE,Mathis
sandyblackwell,748,12326.19,Employee,Fun!23,Sandy,6/28/41,0,FALSE,Blackwell
melissaevans,905,11754.95,Employee,Fun!23,Melissa,7/4/41,0,TRUE,Evans
jerrygamble,740,13951.78,Employee,Fun!23,Jerry,7/22/41,0,FALSE,Gamble
josefarley,689,11595.8,Employee,Fun!23,Jose,7/25/41,0,TRUE,Farley
donaldtran,639,6403.19,Employee,Fun!23,Donald,9/21/41,0,FALSE,Tran
carloslynch,1013,5442.93,Employee,Fun!23,Carlos,10/1/41,0,FALSE,Lynch
williamhunter,267,4879.44,Employee,Fun!23,William,11/7/41,0,FALSE,Hunter
chipdisney,6,3297.92,Customer,Fun!23,Chip,11/28/41,0,FALSE,Disney
lisagarrett,221,12976.79,Employee,Fun!23,Lisa,12/22/41,0,FALSE,Garrett
mitchellgross,952,13793.01,Employee,Fun!23,Mitchell,12/26/41,0,TRUE,Gross
andreariley,967,9725.48,Employee,Fun!23,Andrea,1/4/42,0,TRUE,Riley
santiagoolivas,64,8778.06,Employee,Fun!23,Santiago,5/11/42,0,TRUE,Olivas
michaelclarke,853,4051.73,Employee,Fun!23,Michael,5/14/42,0,TRUE,Clarke
amychase,542,13189.11,Employee,Fun!23,Amy,5/25/42,0,TRUE,Chase
christophercontreras,99,8645.25,Employee,Fun!23,Christopher,6/5/42,0,TRUE,Contreras
erinjones,794,14811.08,Employee,Fun!23,Erin,6/15/42,0,FALSE,Jones
gracekelley,531,10386.03,Employee,Fun!23,Grace,6/24/42,0,TRUE,Kelley
gustavorubio,75,3501.05,Employee,Fun!23,Gustavo,9/16/42,0,TRUE,Rubio
andrewmarshall,617,9037.77,Employee,Fun!23,Andrew,10/16/42,0,TRUE,Marshall
anitastein,405,3562.32,Employee,Fun!23,Anita,10/27/42,0,FALSE,Stein
benjaminjohnson,347,14010.07,Employee,Fun!23,Benjamin,11/8/42,0,TRUE,Johnson
roseburgess,647,10083.08,Employee,Fun!23,Rose,11/9/42,0,TRUE,Burgess
minniemouse,3,9915.93,Customer,Fun!23,Minnie,11/23/42,0,FALSE,Mouse
kaadisney,28,2519.67,Customer,Fun!23,Kaa,1/27/43,0,FALSE,Disney
jakemitchell,560,3299.31,Employee,Fun!23,Jake,4/5/43,0,TRUE,Mitchell
davidharvey,601,7051.27,Employee,Fun!23,David,6/15/43,0,FALSE,Harvey
louisboone,502,12178.86,Employee,Fun!23,Louis,7/1/43,0,TRUE,Boone
margaretsmith,520,10427.19,Employee,Fun!23,Margaret,7/7/43,0,FALSE,Smith
lisarobinson,539,6703.26,Employee,Fun!23,Lisa,9/8/43,0,TRUE,Robinson
christinadodson,695,7325.22,Employee,Fun!23,Christina,10/25/43,0,TRUE,Dodson
tracyfitzgerald,787,6291.76,Employee,Fun!23,Tracy,12/2/43,0,TRUE,Fitzgerald
cynthiapowell,588,13587.36,Employee,Fun!23,Cynthia,12/30/43,0,FALSE,Powell
beastdisney,20,12315.72,Customer,Fun!23,Beast,1/18/44,0,TRUE,Disney
christopherrobinson,663,14092.27,Employee,Fun!23,Christopher,2/3/44,0,FALSE,Robinson
sethrodriguez,71,5238.47,Employee,Fun!23,Seth,2/22/44,0,TRUE,Rodriguez
carolelliott,939,6270.47,Employee,Fun!23,Carol,3/8/44,0,FALSE,Elliott
patriciaglenn,345,6885.43,Employee,Fun!23,Patricia,3/29/44,0,FALSE,Glenn
andrewcampos,237,4620.23,Employee,Fun!23,Andrew,4/13/44,0,FALSE,Campos
thomasking,169,11349.5,Employee,Fun!23,Thomas,4/19/44,0,FALSE,King
aliciajenkins,385,9249.59,Employee,Fun!23,Alicia,5/7/44,0,TRUE,Jenkins
juliealexander,167,12675.06,Employee,Fun!23,Julie,9/1/44,0,FALSE,Alexander
gabrielterrazas,82,5391.29,Employee,Fun!23,Gabriel,9/17/44,0,TRUE,Terrazas
jeffreygonzalez,374,4406,Employee,Fun!23,Jeffrey,9/28/44,0,FALSE,Gonzalez
amyrodriguez,477,14809.01,Employee,Fun!23,Amy,10/9/44,0,TRUE,Rodriguez
donaldhaynes,352,3410.06,Employee,Fun!23,Donald,11/22/44,0,TRUE,Haynes
gregorysullivan,281,12607.08,Employee,Fun!23,Gregory,2/6/45,0,TRUE,Sullivan
normanfreeman,391,6908.08,Employee,Fun!23,Norman,5/6/45,0,TRUE,Freeman
julieshaw,829,2800.76,Employee,Fun!23,Julie,5/23/45,0,TRUE,Shaw
meganthompson,809,4921.07,Employee,Fun!23,Megan,6/15/45,0,FALSE,Thompson
samuelburton,978,14345.78,Employee,Fun!23,Samuel,6/19/45,0,TRUE,Burton
brandonmiller,862,3216.35,Employee,Fun!23,Brandon,9/16/45,0,FALSE,Miller
johnhansen,974,8242.49,Employee,Fun!23,John,10/25/45,0,FALSE,Hansen
mariayoung,819,9629.11,Employee,Fun!23,Maria,12/24/45,0,TRUE,Young
mistyhorton,367,2633.71,Employee,Fun!23,Misty,1/31/46,0,FALSE,Horton
jessemontgomery,238,8062.04,Employee,Fun!23,Jesse,2/7/46,0,FALSE,Montgomery
jorgehuerta,889,3028.5,Employee,Fun!23,Jorge,2/13/46,0,TRUE,Huerta
marthaperry,555,12269.4,Employee,Fun!23,Martha,3/9/46,0,FALSE,Perry
thomassanders,707,3070.6,Employee,Fun!23,Thomas,4/21/46,0,FALSE,Sanders
brandigordon,483,6455.42,Employee,Fun!23,Brandi,5/11/46,0,FALSE,Gordon
teresagardner,658,6491.03,Employee,Fun!23,Teresa,6/19/46,0,TRUE,Gardner
charleschambers,1011,2464.51,Employee,Fun!23,Charles,7/15/46,0,FALSE,Chambers
kylieking,938,7861.32,Employee,Fun!23,Kylie,9/10/46,0,FALSE,King
ryanbowman,548,9568.99,Employee,Fun!23,Ryan,12/27/46,0,FALSE,Bowman
kaylamorgan,455,10200.38,Employee,Fun!23,Kayla,12/29/46,0,TRUE,Morgan
michellewalsh,624,2144.52,Employee,Fun!23,Michelle,3/30/47,0,TRUE,Walsh
sandrarogers,174,6226.71,Employee,Fun!23,Sandra,3/31/47,0,TRUE,Rogers
adambass,418,11646.04,Employee,Fun!23,Adam,4/6/47,0,TRUE,Bass
michaelsantoyo,79,10891.1,Employee,Fun!23,Michael,4/28/47,0,TRUE,Santoyo
dianarivera,995,9157.16,Employee,Fun!23,Diana,6/5/47,0,TRUE,Rivera
melaniekirk,158,12829.96,Employee,Fun!23,Melanie,6/16/47,0,TRUE,Kirk
nathanthompson,727,3671.34,Employee,Fun!23,Nathan,7/17/47,0,TRUE,Thompson
chasemiller,217,8856.32,Employee,Fun!23,Chase,8/1/47,0,FALSE,Miller
oliviarichardson,894,14330.67,Employee,Fun!23,Olivia,9/24/47,0,FALSE,Richardson
sarawest,982,9421.82,Employee,Fun!23,Sara,10/20/47,0,FALSE,West
seanroberts,119,11799.83,Employee,Fun!23,Sean,12/14/47,0,FALSE,Roberts
johnmorris,429,6172.18,Employee,Fun!23,John,2/20/48,0,FALSE,Morris
alyssakelly,792,3975.91,Employee,Fun!23,Alyssa,3/13/48,0,FALSE,Kelly
zacharycampbell,989,12281.4,Employee,Fun!23,Zachary,4/9/48,0,FALSE,Campbell
robertwang,950,10716.66,Employee,Fun!23,Robert,4/20/48,0,TRUE,Wang
christinacarter,903,10926.94,Employee,Fun!23,Christina,7/31/48,0,FALSE,Carter
davidclark,898,3508.89,Employee,Fun!23,David,9/9/48,0,TRUE,Clark
feliciacarlson,821,9257.03,Employee,Fun!23,Felicia,10/3/48,0,TRUE,Carlson
michaelmurray,442,4970.24,Employee,Fun!23,Michael,11/12/48,0,FALSE,Murray
luissanchez,78,4409.29,Employee,Fun!23,Luis,12/4/48,0,TRUE,Sanchez
michaelking,614,4951.18,Employee,Fun!23,Michael,12/12/48,0,TRUE,King
daniellegardner,575,14771.19,Employee,Fun!23,Danielle,1/18/49,0,FALSE,Gardner
tanyajohnson,808,4147.49,Employee,Fun!23,Tanya,2/7/49,0,TRUE,Johnson
timothybernard,694,4105.95,Employee,Fun!23,Timothy,3/10/49,0,TRUE,Bernard
georgeproctor,803,3938.51,Employee,Fun!23,George,3/25/49,0,FALSE,Proctor
kendrasawyer,1039,6333.7,Employee,Fun!23,Kendra,4/21/49,0,FALSE,Sawyer
richardtorres,145,7868.78,Employee,Fun!23,Richard,5/15/49,0,TRUE,Torres
amymorse,896,13302.36,Employee,Fun!23,Amy,7/6/49,0,TRUE,Morse
rebeccanguyen,684,5194.26,Employee,Fun!23,Rebecca,8/11/49,0,FALSE,Nguyen
hollyschneider,648,11191.15,Employee,Fun!23,Holly,8/23/49,0,TRUE,Schneider
theresaobrien,108,3548.38,Employee,Fun!23,Theresa,8/28/49,0,FALSE,Obrien
alexwatson,90,14963.88,Employee,Fun!23,Alex,9/14/49,0,TRUE,Watson
christinajones,592,4331.26,Employee,Fun!23,Christina,9/14/49,0,FALSE,Jones
allisoncross,404,6486.71,Employee,Fun!23,Allison,10/14/49,0,TRUE,Cross
ambernguyen,609,12581.19,Employee,Fun!23,Amber,10/31/49,0,FALSE,Nguyen
terrimendez,411,8787.78,Employee,Fun!23,Terri,11/19/49,0,FALSE,Mendez
jennifercarr,759,3032.48,Employee,Fun!23,Jennifer,7/1/50,0,FALSE,Carr
alyssareese,471,2430.06,Employee,Fun!23,Alyssa,7/15/50,0,FALSE,Reese
johnwhite,414,8209.75,Employee,Fun!23,John,7/26/50,0,TRUE,White
daledisney,7,4979.19,Customer,Fun!23,Dale,10/8/50,0,FALSE,Disney
kellyharris,552,4729.99,Employee,Fun!23,Kelly,11/25/50,0,TRUE,Harris
mariahblack,981,14285.82,Employee,Fun!23,Mariah,12/18/50,0,TRUE,Black
megannoble,126,9833.89,Employee,Fun!23,Megan,12/27/50,0,FALSE,Noble
kathrynperez,220,2396.81,Employee,Fun!23,Kathryn,2/13/51,0,TRUE,Perez
jerryhampton,452,9574.95,Employee,Fun!23,Jerry,3/1/51,0,TRUE,Hampton
gregorycarr,443,4397.62,Employee,Fun!23,Gregory,4/20/51,0,FALSE,Carr
michaelsanchez,107,13717.09,Employee,Fun!23,Michael,4/23/51,0,TRUE,Sanchez
jamessimpson,825,3662.13,Employee,Fun!23,James,5/17/51,0,FALSE,Simpson
kaylasmith,632,8433.97,Employee,Fun!23,Kayla,5/28/51,0,TRUE,Smith
mirandamason,711,12638.55,Employee,Fun!23,Miranda,6/25/51,0,FALSE,Mason
michaelamiranda,508,6873.02,Employee,Fun!23,Michaela,7/24/51,0,FALSE,Miranda
victorlopez,56,14144.58,Employee,Fun!23,Victor,8/31/51,0,TRUE,Lopez
donaldramirez,976,3077.18,Employee,Fun!23,Donald,10/14/51,0,FALSE,Ramirez
stephanieharris,154,13432.78,Employee,Fun!23,Stephanie,12/3/51,0,FALSE,Harris
jeffreywalls,89,13145.35,Employee,Fun!23,Jeffrey,2/3/52,0,FALSE,Walls
davidsoto,408,6559.06,Employee,Fun!23,David,2/9/52,0,FALSE,Soto
bryanmassey,1022,9806.83,Employee,Fun!23,Bryan,5/17/52,0,FALSE,Massey
travisruiz,378,6827.24,Employee,Fun!23,Travis,6/24/52,0,FALSE,Ruiz
taylorjohnson,1034,12086.35,Employee,Fun!23,Taylor,6/29/52,0,TRUE,Johnson
rickythompson,341,8710.22,Employee,Fun!23,Ricky,7/28/52,0,TRUE,Thompson
brianlopez,473,13823.37,Employee,Fun!23,Brian,8/6/52,0,TRUE,Lopez
brianjacobson,320,10775.93,Employee,Fun!23,Brian,8/23/52,0,FALSE,Jacobson
donaldvillanueva,920,6021.49,Employee,Fun!23,Donald,9/1/52,0,FALSE,Villanueva
derrickgrant,151,9508,Employee,Fun!23,Derrick,9/9/52,0,FALSE,Grant
alexanderwilson,851,5644.08,Employee,Fun!23,Alexander,11/16/52,0,TRUE,Wilson
nicolehart,751,9882.8,Employee,Fun!23,Nicole,1/4/53,0,TRUE,Hart
ashleywilcox,403,7398.84,Employee,Fun!23,Ashley,1/15/53,0,FALSE,Wilcox
williamrice,765,12322.07,Employee,Fun!23,William,1/20/53,0,FALSE,Rice
denisseloyavillalobos,57,10523.1,Employee,Fun!23,Denisse,1/29/53,0,TRUE,LoyaVillalobos
marychurch,280,8012.52,Employee,Fun!23,Mary,1/31/53,0,TRUE,Church
amandashepherd,332,11419.31,Employee,Fun!23,Amanda,2/3/53,0,TRUE,Shepherd
jenniferjones,817,7039.18,Employee,Fun!23,Jennifer,3/20/53,0,FALSE,Jones
jamiehernandez,578,9111.15,Employee,Fun!23,Jamie,4/1/53,0,TRUE,Hernandez
devindiaz,392,5126,Employee,Fun!23,Devin,4/4/53,0,TRUE,Diaz
kevinboone,742,3620.32,Employee,Fun!23,Kevin,4/27/53,0,FALSE,Boone
barbararobertson,253,8988,Employee,Fun!23,Barbara,5/29/53,0,TRUE,Robertson
ashleymorales,961,8711.61,Employee,Fun!23,Ashley,7/29/53,0,TRUE,Morales
antonioedwards,605,3263.32,Employee,Fun!23,Antonio,8/5/53,0,FALSE,Edwards
henrysalazar,741,11642.02,Employee,Fun!23,Henry,9/12/53,0,FALSE,Salazar
sarahtaylor,929,7575.86,Employee,Fun!23,Sarah,2/2/54,0,FALSE,Taylor
jasonwolfe,328,12597.39,Employee,Fun!23,Jason,2/7/54,0,TRUE,Wolfe
tomperez,91,2368.65,Employee,Fun!23,Tom,4/2/54,0,TRUE,Perez
jacquelinedunn,285,14143.63,Employee,Fun!23,Jacqueline,6/15/54,0,FALSE,Dunn
jessicafernandez,400,7891,Employee,Fun!23,Jessica,7/30/54,0,TRUE,Fernandez
thomasstevenson,1019,2225.34,Employee,Fun!23,Thomas,9/8/54,0,TRUE,Stevenson
kimberlymejia,999,3653.25,Employee,Fun!23,Kimberly,9/19/54,0,TRUE,Mejia
ryansullivan,550,7008.8,Employee,Fun!23,Ryan,9/24/54,0,TRUE,Sullivan
rebeccafisher,750,6843.56,Employee,Fun!23,Rebecca,10/5/54,0,FALSE,Fisher
josephbrooks,389,10133.96,Employee,Fun!23,Joseph,10/17/54,0,FALSE,Brooks
edwardjohnson,366,11240.43,Employee,Fun!23,Edward,11/3/54,0,TRUE,Johnson
christopherraymond,467,10584.11,Employee,Fun!23,Christopher,2/17/55,0,FALSE,Raymond
jamiebrown,997,14693.66,Employee,Fun!23,Jamie,4/21/55,0,FALSE,Brown
stacymaldonado,987,5423.13,Employee,Fun!23,Stacy,4/30/55,0,TRUE,Maldonado
kristabeck,968,8127.69,Employee,Fun!23,Krista,6/29/55,0,FALSE,Beck
jamessimmons,965,2516.31,Employee,Fun!23,James,7/1/55,0,TRUE,Simmons
jorgerodriguezortega,72,9034.81,Employee,Fun!23,Jorge,7/8/55,0,TRUE,RodriguezOrtega
jenniferschultz,672,13183.17,Employee,Fun!23,Jennifer,7/10/55,0,FALSE,Schultz
trevoryoung,457,13180.97,Employee,Fun!23,Trevor,7/25/55,0,TRUE,Young
stephenellis,122,11722.96,Employee,Fun!23,Stephen,8/8/55,0,TRUE,Ellis
victoriawhite,838,12747.56,Employee,Fun!23,Victoria,8/24/55,0,TRUE,White
alexandracook,959,13799.16,Employee,Fun!23,Alexandra,9/19/55,0,FALSE,Cook
douglasbryant,734,6099.5,Employee,Fun!23,Douglas,9/30/55,0,FALSE,Bryant
dakotaharper,554,7887.54,Employee,Fun!23,Dakota,12/18/55,0,FALSE,Harper
markgonzalez,863,7640.06,Employee,Fun!23,Mark,2/11/56,0,TRUE,Gonzalez
marystevens,379,12369.3,Employee,Fun!23,Mary,2/24/56,0,TRUE,Stevens
anthonycarson,625,10499.96,Employee,Fun!23,Anthony,3/28/56,0,TRUE,Carson
sonamtshering,83,12076.64,Employee,Fun!23,Sonam,4/9/56,0,FALSE,Tshering
brandywilkerson,769,5277.62,Employee,Fun!23,Brandy,4/24/56,0,TRUE,Wilkerson
jennachase,534,9043.32,Employee,Fun!23,Jenna,5/5/56,0,TRUE,Chase
jennifercopeland,448,5513.67,Employee,Fun!23,Jennifer,6/26/56,0,TRUE,Copeland
matthewgonzalez,646,14624.83,Employee,Fun!23,Matthew,6/30/56,0,TRUE,Gonzalez
robinwilson,847,3347.76,Employee,Fun!23,Robin,7/7/56,0,TRUE,Wilson
alexisblack,772,13249.79,Employee,Fun!23,Alexis,7/27/56,0,TRUE,Black
brianandrews,125,13599.67,Employee,Fun!23,Brian,10/15/56,0,TRUE,Andrews
jeffreyrodriguez,755,11005.27,Employee,Fun!23,Jeffrey,11/30/56,0,TRUE,Rodriguez
christopherfields,640,10496.05,Employee,Fun!23,Christopher,12/2/56,0,TRUE,Fields
shirleyfoster,209,7363.18,Employee,Fun!23,Shirley,12/7/56,0,TRUE,Foster
jennifersmith,600,2991.97,Employee,Fun!23,Jennifer,12/15/56,0,TRUE,Smith
melissaholt,1007,11119.64,Employee,Fun!23,Melissa,1/1/57,0,FALSE,Holt
michellesexton,454,7701.72,Employee,Fun!23,Michelle,3/5/57,0,TRUE,Sexton
timothyjones,714,3251.97,Employee,Fun!23,Timothy,4/21/57,0,TRUE,Jones
jeffreysloan,343,7623.11,Employee,Fun!23,Jeffrey,4/24/57,0,FALSE,Sloan
marklamb,426,9031.31,Employee,Fun!23,Mark,4/28/57,0,TRUE,Lamb
michellejones,269,4495.34,Employee,Fun!23,Michelle,5/4/57,0,TRUE,Jones
lindarobles,608,8189.07,Employee,Fun!23,Linda,7/2/57,0,FALSE,Robles
jodysanchez,866,2717.79,Employee,Fun!23,Jody,8/11/57,0,TRUE,Sanchez
stephaniemcdonald,97,12824.46,Employee,Fun!23,Stephanie,8/26/57,0,TRUE,Mcdonald
bethsharp,635,8616.5,Employee,Fun!23,Beth,9/3/57,0,FALSE,Sharp
teresataylor,789,7852.52,Employee,Fun!23,Teresa,10/7/57,0,FALSE,Taylor
darinbaker,599,8600.51,Employee,Fun!23,Darin,12/7/57,0,FALSE,Baker
evilqueen,29,14810.91,Customer,Fun!23,Evil,1/1/58,0,TRUE,Queen
kristablake,428,12841.6,Employee,Fun!23,Krista,1/20/58,0,TRUE,Blake
dylanlopez,568,8503.64,Employee,Fun!23,Dylan,2/14/58,0,FALSE,Lopez
kristinesmith,857,6279.68,Employee,Fun!23,Kristine,3/12/58,0,FALSE,Smith
suzannekennedy,945,5400.21,Employee,Fun!23,Suzanne,7/4/58,0,FALSE,Kennedy
jonlopez,447,10912.84,Employee,Fun!23,Jon,8/8/58,0,TRUE,Lopez
markstewart,795,4651.9,Employee,Fun!23,Mark,12/8/58,0,TRUE,Stewart
ricardorodriguez,407,12041.16,Employee,Fun!23,Ricardo,3/8/59,0,TRUE,Rodriguez
kristyhoover,291,6408.05,Employee,Fun!23,Kristy,4/1/59,0,FALSE,Hoover
nicholascopeland,643,4915.5,Employee,Fun!23,Nicholas,7/1/59,0,TRUE,Copeland
brandyvalenzuela,546,7637.01,Employee,Fun!23,Brandy,9/26/59,0,FALSE,Valenzuela
matthewkhan,924,11254.68,Employee,Fun!23,Matthew,11/3/59,0,FALSE,Khan
mindyross,873,3762.91,Employee,Fun!23,Mindy,12/6/59,0,TRUE,Ross
franciscomoore,321,3653.18,Employee,Fun!23,Francisco,12/31/59,0,FALSE,Moore
brittanynielsen,498,9452.38,Employee,Fun!23,Brittany,1/7/60,0,FALSE,Nielsen
matthewporter,494,8456.75,Employee,Fun!23,Matthew,2/2/60,0,TRUE,Porter
wendyphillips,1031,10698.49,Employee,Fun!23,Wendy,2/23/60,0,FALSE,Phillips
dianagarcia,41,5349.72,Employee,Fun!23,Diana,2/27/60,0,FALSE,Garcia
samanthamay,235,6956.5,Employee,Fun!23,Samantha,4/3/60,0,TRUE,May
kevintran,843,14182.93,Employee,Fun!23,Kevin,5/13/60,0,FALSE,Tran
brianhayes,344,14549.8,Employee,Fun!23,Brian,7/19/60,0,FALSE,Hayes
anthonysims,396,13709.46,Employee,Fun!23,Anthony,8/26/60,0,FALSE,Sims
kevinswanson,363,9618.43,Employee,Fun!23,Kevin,9/13/60,0,TRUE,Swanson
maryanderson,966,3908.45,Employee,Fun!23,Mary,10/17/60,0,FALSE,Anderson
jonathanmartinez,807,11563.53,Employee,Fun!23,Jonathan,11/7/60,0,TRUE,Martinez
ryanwashington,956,4965.37,Employee,Fun!23,Ryan,11/29/60,0,TRUE,Washington
elizabethalvarez,384,8077.6,Employee,Fun!23,Elizabeth,2/2/61,0,FALSE,Alvarez
michaelrobinson,493,13337.68,Employee,Fun!23,Michael,3/4/61,0,FALSE,Robinson
michelleramirez,591,4321.48,Employee,Fun!23,Michelle,4/16/61,0,TRUE,Ramirez
johndavis,708,10715.07,Employee,Fun!23,John,5/3/61,0,FALSE,Davis
hollydavidson,800,10461.2,Employee,Fun!23,Holly,5/16/61,0,FALSE,Davidson
chrisking,286,4908.84,Employee,Fun!23,Chris,5/20/61,0,FALSE,King
michealsanders,798,3891.93,Employee,Fun!23,Micheal,7/11/61,0,FALSE,Sanders
stevencabrera,441,9997.12,Employee,Fun!23,Steven,8/20/61,0,FALSE,Cabrera
stephanieperry,977,7010.95,Employee,Fun!23,Stephanie,8/22/61,0,FALSE,Perry
laurenneal,162,7252.78,Employee,Fun!23,Lauren,9/9/61,0,FALSE,Neal
kimbuckley,196,5423.56,Employee,Fun!23,Kim,9/16/61,0,TRUE,Buckley
lorijohnson,775,13259.01,Employee,Fun!23,Lori,10/21/61,0,FALSE,Johnson
jessicaanderson,491,6078.68,Employee,Fun!23,Jessica,11/6/61,0,FALSE,Anderson
mercedesnichols,634,14562.07,Employee,Fun!23,Mercedes,11/17/61,0,TRUE,Nichols
anaandrade,941,3907.86,Employee,Fun!23,Ana,11/28/61,0,FALSE,Andrade
lindamiller,844,6898.47,Employee,Fun!23,Linda,11/29/61,0,FALSE,Miller
randykeller,424,4054.3,Employee,Fun!23,Randy,2/1/62,0,TRUE,Keller
tamialexander,294,6753.99,Employee,Fun!23,Tami,2/13/62,0,FALSE,Alexander
auroradisney,14,13901.06,Customer,Fun!23,Aurora,7/18/62,0,TRUE,Disney
heidibarker,355,6350.22,Employee,Fun!23,Heidi,8/28/62,0,TRUE,Barker
jeffray,590,3915.05,Employee,Fun!23,Jeff,9/4/62,0,TRUE,Ray
joshuameadows,382,6152.46,Employee,Fun!23,Joshua,9/21/62,0,TRUE,Meadows
joseevans,490,5219.77,Employee,Fun!23,Jose,10/2/62,0,TRUE,Evans
patriciamcdonald,786,11368.29,Employee,Fun!23,Patricia,11/9/62,0,FALSE,Mcdonald
danielhampton,134,7575.12,Employee,Fun!23,Daniel,11/16/62,0,FALSE,Hampton
jessicamoore,249,4823.37,Employee,Fun!23,Jessica,2/9/63,0,TRUE,Moore
garysmith,706,4740.44,Employee,Fun!23,Gary,2/23/63,0,FALSE,Smith
paulsalas,992,4876.83,Employee,Fun!23,Paul,4/22/63,0,FALSE,Salas
jacobnorton,845,12247.69,Employee,Fun!23,Jacob,5/1/63,0,TRUE,Norton
robertdavis,275,10762.35,Employee,Fun!23,Robert,8/25/63,0,TRUE,Davis
monicadavenport,127,6447.5,Employee,Fun!23,Monica,11/7/63,0,TRUE,Davenport
philipholt,849,12189.3,Employee,Fun!23,Philip,1/10/64,0,FALSE,Holt
christophernorris,117,10253.57,Employee,Fun!23,Christopher,1/18/64,0,FALSE,Norris
marychapman,512,4434.1,Employee,Fun!23,Mary,2/5/64,0,TRUE,Chapman
christineellis,691,8707.5,Employee,Fun!23,Christine,2/8/64,0,FALSE,Ellis
timothyjohnson,791,3934.51,Employee,Fun!23,Timothy,2/28/64,0,FALSE,Johnson
toddbrooks,144,9642.58,Employee,Fun!23,Todd,7/1/64,0,FALSE,Brooks
richardbrown,180,2248,Employee,Fun!23,Richard,8/11/64,0,TRUE,Brown
emilychang,901,2295.56,Employee,Fun!23,Emily,12/10/64,0,TRUE,Chang
jameswatson,916,4578.94,Employee,Fun!23,James,1/27/65,0,TRUE,Watson
nicholassmith,854,6018.09,Employee,Fun!23,Nicholas,2/20/65,0,FALSE,Smith
kennethhouse,869,4343.65,Employee,Fun!23,Kenneth,2/28/65,0,FALSE,House
crystalwalker,118,2827.19,Employee,Fun!23,Crystal,3/18/65,0,FALSE,Walker
carriebennett,369,7339.59,Employee,Fun!23,Carrie,3/26/65,0,TRUE,Bennett
amyhall,955,7397.78,Employee,Fun!23,Amy,7/21/65,0,FALSE,Hall
josephfritz,824,10872.34,Employee,Fun!23,Joseph,7/26/65,0,FALSE,Fritz
darrelljones,953,14469.16,Employee,Fun!23,Darrell,9/4/65,0,FALSE,Jones
brittneydaniel,749,7337,Employee,Fun!23,Brittney,9/9/65,0,TRUE,Daniel
michelecummings,387,11992.33,Employee,Fun!23,Michele,1/6/66,0,TRUE,Cummings
kathysmith,788,3542.04,Employee,Fun!23,Kathy,1/9/66,0,FALSE,Smith
brittanyrichard,668,8026.48,Employee,Fun!23,Brittany,1/15/66,0,FALSE,Richard
christopherjones,358,9940.18,Employee,Fun!23,Christopher,1/21/66,0,TRUE,Jones
shanemiller,131,5816.67,Employee,Fun!23,Shane,3/3/66,0,TRUE,Miller
anthonydalton,461,9117.25,Employee,Fun!23,Anthony,3/28/66,0,TRUE,Dalton
lindsaywebster,323,7364.79,Employee,Fun!23,Lindsay,4/3/66,0,TRUE,Webster
sarafox,762,7106.08,Employee,Fun!23,Sara,5/27/66,0,TRUE,Fox
michaelwilliams,277,13199.08,Employee,Fun!23,Michael,7/14/66,0,FALSE,Williams
barbarajones,470,14547.6,Employee,Fun!23,Barbara,7/14/66,0,TRUE,Jones
jameshammond,191,6120.89,Employee,Fun!23,James,7/26/66,0,FALSE,Hammond
juliajones,671,4217.61,Employee,Fun!23,Julia,8/4/66,0,TRUE,Jones
aladdindisney,11,4182.53,Customer,Fun!23,Aladdin,11/3/66,0,TRUE,Disney
davidsummers,757,4185.87,Employee,Fun!23,David,12/4/66,0,TRUE,Summers
daniellucio,59,7520.47,Employee,Fun!23,Daniel,2/26/67,0,TRUE,Lucio
alyssasmith,593,13761.12,Employee,Fun!23,Alyssa,3/1/67,0,FALSE,Smith
arianalara,226,3736.63,Employee,Fun!23,Ariana,4/2/67,0,TRUE,Lara
kellywilson,910,6831.67,Employee,Fun!23,Kelly,5/20/67,0,TRUE,Wilson
robinwatson,526,11888.88,Employee,Fun!23,Robin,6/5/67,0,TRUE,Watson
kristalambert,642,4552.75,Employee,Fun!23,Krista,6/7/67,0,TRUE,Lambert
paulawyatt,130,12971.84,Employee,Fun!23,Paula,6/29/67,0,TRUE,Wyatt
garypark,836,5535.53,Employee,Fun!23,Gary,3/3/68,0,TRUE,Park
rhondakane,373,14705.53,Employee,Fun!23,Rhonda,3/12/68,0,TRUE,Kane
davidcox,650,14109.04,Employee,Fun!23,David,6/2/68,0,FALSE,Cox
mariamccarthy,228,7747.23,Employee,Fun!23,Maria,6/3/68,0,FALSE,Mccarthy
brendadouglas,317,8860.32,Employee,Fun!23,Brenda,6/12/68,0,FALSE,Douglas
sarahgriffin,683,10311.54,Employee,Fun!23,Sarah,8/11/68,0,TRUE,Griffin
jerryrodriguez,975,2862.93,Employee,Fun!23,Jerry,8/27/68,0,TRUE,Rodriguez
travisburton,693,14594.75,Employee,Fun!23,Travis,10/19/68,0,FALSE,Burton
virginiaphelps,216,8433.7,Employee,Fun!23,Virginia,11/13/68,0,FALSE,Phelps
karldavis,859,6531.64,Employee,Fun!23,Karl,1/9/69,0,TRUE,Davis
ruthponce,927,10460.34,Employee,Fun!23,Ruth,2/19/69,0,TRUE,Ponce
davidwright,254,6101.96,Employee,Fun!23,David,2/27/69,0,FALSE,Wright
sarahjones,669,9953.96,Employee,Fun!23,Sarah,3/4/69,0,FALSE,Jones
jessicafrye,499,2705.21,Employee,Fun!23,Jessica,4/1/69,0,FALSE,Frye
sharongillespie,936,8689.54,Employee,Fun!23,Sharon,4/10/69,0,FALSE,Gillespie
patrickbennett,785,4204.58,Employee,Fun!23,Patrick,5/4/69,0,FALSE,Bennett
jeremyfoster,763,5536,Employee,Fun!23,Jeremy,5/15/69,0,TRUE,Foster
markramos,189,12293,Employee,Fun!23,Mark,6/25/69,0,TRUE,Ramos
ginaswanson,655,6435.76,Employee,Fun!23,Gina,7/6/69,0,FALSE,Swanson
nicolejohnson,417,9101.82,Employee,Fun!23,Nicole,7/29/69,0,FALSE,Johnson
phillipbrown,583,6819.73,Employee,Fun!23,Phillip,8/6/69,0,TRUE,Brown
stephaniewilliams,888,9231.27,Employee,Fun!23,Stephanie,1/2/70,0,FALSE,Williams
annagutierrez,239,2661.31,Employee,Fun!23,Anna,4/4/70,0,FALSE,Gutierrez
matthewperez,290,4896,Employee,Fun!23,Matthew,8/23/70,0,FALSE,Perez
kimcontreras,523,4356.71,Employee,Fun!23,Kim,10/12/70,0,TRUE,Contreras
rachelroberson,412,12779.99,Employee,Fun!23,Rachel,10/13/70,0,FALSE,Roberson
allenarnold,638,11892.24,Employee,Fun!23,Allen,2/8/71,0,FALSE,Arnold
briangates,603,13781.75,Employee,Fun!23,Brian,2/22/71,0,FALSE,Gates
staceypaul,329,12306.44,Employee,Fun!23,Stacey,2/26/71,0,TRUE,Paul
chrisholden,260,7147.39,Employee,Fun!23,Chris,3/11/71,0,FALSE,Holden
deansmith,376,11094.57,Employee,Fun!23,Dean,4/24/71,0,FALSE,Smith
debraraymond,796,2411.2,Employee,Fun!23,Debra,6/22/71,0,FALSE,Raymond
sarahmosley,351,6532.34,Employee,Fun!23,Sarah,6/28/71,0,TRUE,Mosley
stephenpeters,1028,8800.13,Employee,Fun!23,Stephen,7/6/71,0,FALSE,Peters
pennymcdaniel,902,9974.03,Employee,Fun!23,Penny,8/17/71,0,FALSE,Mcdaniel
markrogers,644,7678,Employee,Fun!23,Mark,10/26/71,0,TRUE,Rogers
bryanfields,776,7227.72,Employee,Fun!23,Bryan,1/23/72,0,FALSE,Fields
ashleygilmore,38,12929.44,Employee,Fun!23,Ashley,2/3/72,0,TRUE,Gilmore
elizabethcordova,357,13215.34,Employee,Fun!23,Elizabeth,2/10/72,0,TRUE,Cordova
angelicabruce,270,12145.76,Employee,Fun!23,Angelica,4/17/72,0,TRUE,Bruce
shanearnold,380,7212.73,Employee,Fun!23,Shane,9/13/72,0,FALSE,Arnold
amymcpherson,503,4761.63,Employee,Fun!23,Amy,11/30/72,0,TRUE,Mcpherson
michaelwhite,185,10275.77,Employee,Fun!23,Michael,12/21/72,0,TRUE,White
erinbarton,1027,13574.75,Employee,Fun!23,Erin,1/8/73,0,FALSE,Barton
melissajohnson,811,10885.51,Employee,Fun!23,Melissa,1/25/73,0,FALSE,Johnson
alexandercarter,532,14188.67,Employee,Fun!23,Alexander,3/30/73,0,TRUE,Carter
brandonflores,659,9856.03,Employee,Fun!23,Brandon,4/3/73,0,TRUE,Flores
natashawheeler,370,10942.81,Employee,Fun!23,Natasha,5/26/73,0,FALSE,Wheeler
anthonyadams,713,2189.06,Employee,Fun!23,Anthony,10/25/73,0,FALSE,Adams
tonyaelliott,1020,10823.05,Employee,Fun!23,Tonya,11/2/73,0,TRUE,Elliott
lisamiller,679,12805.89,Employee,Fun!23,Lisa,11/29/73,0,TRUE,Miller
kylehodges,129,3819.83,Employee,Fun!23,Kyle,12/8/73,0,FALSE,Hodges
bryanarriaga,44,14451.46,Employee,Fun!23,Bryan,12/22/73,0,TRUE,Arriaga
crystaljohnson,330,5226,Employee,Fun!23,Crystal,2/16/74,0,TRUE,Johnson
sherekhan,26,14291.94,Customer,Fun!23,Shere,2/18/74,0,FALSE,Khan
courtneyjohnson,339,9582.75,Employee,Fun!23,Courtney,4/14/74,0,FALSE,Johnson
denisemorales,310,8742.54,Employee,Fun!23,Denise,4/30/74,0,FALSE,Morales
jerrylee,199,3519.76,Employee,Fun!23,Jerry,6/2/74,0,TRUE,Lee
joshuagomez,846,12980.18,Employee,Fun!23,Joshua,7/14/74,0,TRUE,Gomez
zacharyellison,206,14404.57,Employee,Fun!23,Zachary,7/31/74,0,FALSE,Ellison
sarahcline,607,7229.47,Employee,Fun!23,Sarah,8/21/74,0,TRUE,Cline
sheilalewis,212,11772.31,Employee,Fun!23,Sheila,9/12/74,0,TRUE,Lewis
monicasullivan,984,2799.79,Employee,Fun!23,Monica,9/23/74,0,FALSE,Sullivan
teresajacobs,381,14119.55,Employee,Fun!23,Teresa,10/24/74,0,TRUE,Jacobs
debrablackwell,504,2224.25,Employee,Fun!23,Debra,12/22/74,0,TRUE,Blackwell
anthonyhardin,390,2134.17,Employee,Fun!23,Anthony,2/18/75,0,FALSE,Hardin
derekirwin,482,9645.48,Employee,Fun!23,Derek,3/16/75,0,TRUE,Irwin
jacobwilliams,386,13896.47,Employee,Fun!23,Jacob,4/27/75,0,TRUE,Williams
scarlion,23,12004.08,Customer,Fun!23,Scar,5/10/75,0,TRUE,Lion
craigoconnell,388,4527.51,Employee,Fun!23,Craig,5/29/75,0,TRUE,Oconnell
scottbailey,636,8758.72,Employee,Fun!23,Scott,7/2/75,0,FALSE,Bailey
justinwilson,165,8372,Employee,Fun!23,Justin,9/17/75,0,FALSE,Wilson
darlenerussell,537,13257.38,Employee,Fun!23,Darlene,10/20/75,0,FALSE,Russell
garabdorji,50,14518.68,Employee,Fun!23,Garab,11/7/75,0,TRUE,Dorji
tylerbaxter,619,2079.48,Employee,Fun!23,Tyler,1/26/76,0,FALSE,Baxter
gabrielsanders,666,5934.61,Employee,Fun!23,Gabriel,6/11/76,0,TRUE,Sanders
jessicasmith,1029,13370.18,Employee,Fun!23,Jessica,7/3/76,0,FALSE,Smith
brandonneal,425,5837.39,Employee,Fun!23,Brandon,7/7/76,0,TRUE,Neal
scottdunn,664,14336.66,Employee,Fun!23,Scott,9/18/76,0,FALSE,Dunn
anthonyhunter,421,11082.41,Employee,Fun!23,Anthony,9/29/76,0,FALSE,Hunter
andrewatkins,696,4258.75,Employee,Fun!23,Andrew,9/30/76,0,FALSE,Atkins
beckygray,432,11470.9,Employee,Fun!23,Becky,10/27/76,0,TRUE,Gray
michaelparrish,674,11547.75,Employee,Fun!23,Michael,11/15/76,0,TRUE,Parrish
christopherwright,248,12848.87,Employee,Fun!23,Christopher,12/5/76,0,FALSE,Wright
georgegilbert,856,13522.36,Employee,Fun!23,George,12/21/76,0,TRUE,Gilbert
alexandrarobinson,293,12522.73,Employee,Fun!23,Alexandra,2/10/77,0,FALSE,Robinson
ericaburch,925,5650.82,Employee,Fun!23,Erica,3/6/77,0,TRUE,Burch
ernestbentley,826,8563.12,Employee,Fun!23,Ernest,3/24/77,0,TRUE,Bentley
bryanwise,871,11803.47,Employee,Fun!23,Bryan,3/24/77,0,TRUE,Wise
joecochran,492,2296.29,Employee,Fun!23,Joe,4/20/77,0,TRUE,Cochran
wesleylambert,479,14871.24,Employee,Fun!23,Wesley,5/22/77,0,TRUE,Lambert
danapark,923,2522.14,Employee,Fun!23,Dana,9/8/77,0,FALSE,Park
thomasclark,139,14271.86,Employee,Fun!23,Thomas,10/2/77,0,FALSE,Clark
jenniferbailey,739,6250.92,Employee,Fun!23,Jennifer,11/5/77,0,TRUE,Bailey
michaeladams,517,13805.02,Employee,Fun!23,Michael,11/22/77,0,TRUE,Adams
christopherjohnson,564,4200.37,Employee,Fun!23,Christopher,1/24/78,0,TRUE,Johnson
deborahhunt,350,4880.7,Employee,Fun!23,Deborah,2/10/78,0,TRUE,Hunt
emilyrichardson,184,14580.75,Employee,Fun!23,Emily,2/18/78,0,TRUE,Richardson
davidmills,306,3320.16,Employee,Fun!23,David,5/11/78,0,TRUE,Mills
oliviaromero,194,8931.85,Employee,Fun!23,Olivia,5/22/78,0,FALSE,Romero
barbaralane,567,7359.32,Employee,Fun!23,Barbara,8/9/78,0,FALSE,Lane
philipcollins,415,4852,Employee,Fun!23,Philip,8/23/78,0,FALSE,Collins
luisjohnson,641,9932.62,Employee,Fun!23,Luis,9/19/78,0,TRUE,Johnson
jeremyrocha,970,8190.83,Employee,Fun!23,Jeremy,10/12/78,0,FALSE,Rocha
quasimododisney,32,9453.96,Customer,Fun!23,Quasimodo,11/12/78,0,TRUE,Disney
loganpalmer,112,4464.01,Employee,Fun!23,Logan,12/8/78,0,TRUE,Palmer
christophersanford,519,2012.65,Employee,Fun!23,Christopher,3/21/79,0,TRUE,Sanford
kimberlygarcia,336,8584.42,Employee,Fun!23,Kimberly,6/1/79,0,FALSE,Garcia
chadclark,574,8274.09,Employee,Fun!23,Chad,6/21/79,0,FALSE,Clark
ashleywalker,673,7215.14,Employee,Fun!23,Ashley,7/10/79,0,FALSE,Walker
soniadurham,874,8847.95,Employee,Fun!23,Sonia,9/12/79,0,TRUE,Durham
raybooth,453,12954.82,Employee,Fun!23,Ray,9/23/79,0,FALSE,Booth
ashleyevans,148,12134.15,Employee,Fun!23,Ashley,10/18/79,0,TRUE,Evans
jasonlee,678,2493,Employee,Fun!23,Jason,12/13/79,0,TRUE,Lee
jeremymorris,193,13003.87,Employee,Fun!23,Jeremy,12/26/79,0,TRUE,Morris
noahhorne,522,8191.73,Employee,Fun!23,Noah,1/21/80,0,TRUE,Horne
amberlong,620,3180.87,Employee,Fun!23,Amber,2/13/80,0,TRUE,Long
lorihall,667,13999.2,Employee,Fun!23,Lori,3/18/80,0,TRUE,Hall
luissolomon,985,2916.7,Employee,Fun!23,Luis,4/16/80,0,TRUE,Solomon
alexisacosta,42,7957.55,Employee,Fun!23,Alexis,6/8/80,0,TRUE,Acosta
jeremiahwilliamson,375,8597.15,Employee,Fun!23,Jeremiah,6/9/80,0,FALSE,Williamson
rodneymoss,906,4610.38,Employee,Fun!23,Rodney,6/9/80,0,TRUE,Moss
curtisphillips,877,13154.99,Employee,Fun!23,Curtis,10/9/80,0,TRUE,Phillips
rodneyberg,557,14937,Employee,Fun!23,Rodney,11/9/80,0,FALSE,Berg
jadecrawford,319,9906.56,Employee,Fun!23,Jade,11/25/80,0,TRUE,Crawford
gregorymaxwell,312,12147.58,Employee,Fun!23,Gregory,11/28/80,0,FALSE,Maxwell
austinlewis,1014,11386.85,Employee,Fun!23,Austin,1/8/81,0,FALSE,Lewis
kellyherring,886,2221.08,Employee,Fun!23,Kelly,1/12/81,0,FALSE,Herring
dianamatthews,563,14887.71,Employee,Fun!23,Diana,2/23/81,0,FALSE,Matthews
ianislas,55,14667.18,Employee,Fun!23,Ian,3/22/81,0,TRUE,Islas
michaelprince,831,13924.29,Employee,Fun!23,Michael,4/3/81,0,TRUE,Prince
karasummers,917,5786.47,Employee,Fun!23,Kara,4/24/81,0,TRUE,Summers
christinawalker,170,6573.61,Employee,Fun!23,Christina,5/3/81,0,FALSE,Walker
shannonwhite,602,4867.69,Employee,Fun!23,Shannon,6/28/81,0,TRUE,White
rachelvasquez,147,10042.73,Employee,Fun!23,Rachel,10/31/81,0,FALSE,Vasquez
allisonchang,276,7506.48,Employee,Fun!23,Allison,11/21/81,0,TRUE,Chang
seanklein,96,14359.43,Employee,Fun!23,Sean,2/26/82,0,TRUE,Klein
angelalang,505,2124.72,Employee,Fun!23,Angela,3/27/82,0,FALSE,Lang
markthompson,830,6847.32,Employee,Fun!23,Mark,4/2/82,0,FALSE,Thompson
johnhill,702,11976.45,Employee,Fun!23,John,5/22/82,0,FALSE,Hill
heathercunningham,626,7409.37,Employee,Fun!23,Heather,6/13/82,0,TRUE,Cunningham
andreavillagomez,86,14485.19,Employee,Fun!23,Andrea,9/10/82,0,TRUE,Villagomez
victoranderson,841,13281.7,Employee,Fun!23,Victor,9/29/82,0,FALSE,Anderson
danielleconrad,993,7196.27,Employee,Fun!23,Danielle,10/10/82,0,FALSE,Conrad
jordanwilson,331,10716.12,Employee,Fun!23,Jordan,10/30/82,0,FALSE,Wilson
craigespinoza,166,5348.71,Employee,Fun!23,Craig,11/2/82,0,FALSE,Espinoza
robertogutierrez,227,14556.84,Employee,Fun!23,Roberto,12/8/82,0,FALSE,Gutierrez
terristrickland,476,2635.97,Employee,Fun!23,Terri,1/9/83,0,TRUE,Strickland
lauriemendoza,770,5549.12,Employee,Fun!23,Laurie,1/20/83,0,TRUE,Mendoza
josephrobinson,872,14861.79,Employee,Fun!23,Joseph,1/31/83,0,FALSE,Robinson
jeremyalvarez,187,7816.24,Employee,Fun!23,Jeremy,2/16/83,0,FALSE,Alvarez
ryanbrown,530,9544.51,Employee,Fun!23,Ryan,2/20/83,0,TRUE,Brown
craigbrown,778,5766.16,Employee,Fun!23,Craig,2/25/83,0,FALSE,Brown
robertlyons,93,7348.76,Employee,Fun!23,Robert,4/1/83,0,FALSE,Lyons
amandajohnson,914,2494.66,Employee,Fun!23,Amanda,5/5/83,0,FALSE,Johnson
kimberlymartinez,656,8358.64,Employee,Fun!23,Kimberly,6/16/83,0,FALSE,Martinez
pinocchiodisney,30,8113.38,Customer,Fun!23,Pinocchio,6/25/83,0,FALSE,Disney
seanhernandez,723,11715.29,Employee,Fun!23,Sean,8/18/83,0,TRUE,Hernandez
marygonzalez,687,6667.7,Employee,Fun!23,Mary,11/2/83,0,FALSE,Gonzalez
michaelfox,487,3488.65,Employee,Fun!23,Michael,11/19/83,0,FALSE,Fox
sandranewton,840,8183.91,Employee,Fun!23,Sandra,1/19/84,0,FALSE,Newton
patrickhenderson,101,14041.2,Employee,Fun!23,Patrick,2/13/84,0,FALSE,Henderson
nicolerowland,197,14486.57,Employee,Fun!23,Nicole,2/19/84,0,TRUE,Rowland
danielmejia,37,11662.76,Employee,Fun!23,Daniel,2/22/84,0,TRUE,Mejia
jennyhenry,313,4732.04,Employee,Fun!23,Jenny,3/20/84,0,FALSE,Henry
destinyferguson,234,14490.34,Employee,Fun!23,Destiny,3/21/84,0,TRUE,Ferguson
samanthahowell,198,2556.57,Employee,Fun!23,Samantha,4/24/84,0,TRUE,Howell
carlfoley,690,13575.05,Employee,Fun!23,Carl,5/6/84,0,TRUE,Foley
jackmorgan,892,13749.13,Employee,Fun!23,Jack,5/9/84,0,TRUE,Morgan
marcdriver,51,9418.73,Employee,Fun!23,Marc,6/3/84,0,FALSE,Driver
michelestevens,114,5591.54,Employee,Fun!23,Michele,6/23/84,0,TRUE,Stevens
lawrencehenry,665,12818.2,Employee,Fun!23,Lawrence,9/13/84,0,FALSE,Henry
angelamcintyre,474,12068.43,Employee,Fun!23,Angela,10/22/84,0,TRUE,Mcintyre
nancymorgan,149,10411.28,Employee,Fun!23,Nancy,11/18/84,0,FALSE,Morgan
perryhill,698,9475.23,Employee,Fun!23,Perry,11/22/84,0,FALSE,Hill
lawrenceprice,606,10578.1,Employee,Fun!23,Lawrence,12/14/84,0,FALSE,Price
bradpatel,92,7260.98,Employee,Fun!23,Brad,12/17/84,0,FALSE,Patel
carolyndunn,876,2012.82,Employee,Fun!23,Carolyn,12/24/84,0,TRUE,Dunn
carmenhays,721,8715.44,Employee,Fun!23,Carmen,1/23/85,0,FALSE,Hays
kevinscott,334,11661.71,Employee,Fun!23,Kevin,2/9/85,0,FALSE,Scott
johnblair,701,5123.18,Employee,Fun!23,John,3/1/85,0,TRUE,Blair
carmenpetersen,988,3374.1,Employee,Fun!23,Carmen,6/7/85,0,TRUE,Petersen
hannaharias,133,8116.03,Employee,Fun!23,Hannah,6/11/85,0,FALSE,Arias
heatherlittle,586,4857.02,Employee,Fun!23,Heather,7/29/85,0,TRUE,Little
andrewtorres,584,9376.1,Employee,Fun!23,Andrew,9/17/85,0,TRUE,Torres
michelleoliver,802,5240.21,Employee,Fun!23,Michelle,11/12/85,0,TRUE,Oliver
shellyjones,1036,3871.33,Employee,Fun!23,Shelly,11/23/85,0,TRUE,Jones
vanessawatson,615,13535.65,Employee,Fun!23,Vanessa,12/1/85,0,TRUE,Watson
huntermoore,416,9956.07,Employee,Fun!23,Hunter,12/12/85,0,FALSE,Moore
peggymurphy,365,4219.37,Employee,Fun!23,Peggy,12/26/85,0,FALSE,Murphy
ronaldbond,627,11794.98,Employee,Fun!23,Ronald,2/2/86,0,TRUE,Bond
kimcraig,1017,14739.9,Employee,Fun!23,Kim,3/6/86,0,TRUE,Craig
emilyjackson,991,10027.13,Employee,Fun!23,Emily,7/8/86,0,FALSE,Jackson
brianjensen,211,12093.03,Employee,Fun!23,Brian,7/13/86,0,FALSE,Jensen
christophercoleman,138,3925.3,Employee,Fun!23,Christopher,8/19/86,0,TRUE,Coleman
beverlyjohnson,121,8388.86,Employee,Fun!23,Beverly,8/27/86,0,FALSE,Johnson
michelleortiz,324,9244.17,Employee,Fun!23,Michelle,12/13/86,0,FALSE,Ortiz
coreywilson,566,11598.68,Employee,Fun!23,Corey,12/16/86,0,TRUE,Wilson
carolinetorres,346,4237.83,Employee,Fun!23,Caroline,12/28/86,0,FALSE,Torres
marklozano,204,7839.92,Employee,Fun!23,Mark,1/7/87,0,TRUE,Lozano
amyparsons,848,14820.23,Employee,Fun!23,Amy,1/23/87,0,FALSE,Parsons
marylee,699,5242.71,Employee,Fun!23,Mary,1/30/87,0,TRUE,Lee
mulandisney,34,5663.67,Customer,Fun!23,Mulan,2/5/87,0,FALSE,Disney
jeffreyweiss,136,11434.95,Employee,Fun!23,Jeffrey,2/19/87,0,FALSE,Weiss
dakotabender,362,4763.71,Employee,Fun!23,Dakota,2/23/87,0,FALSE,Bender
markrichards,273,6743.73,Employee,Fun!23,Mark,4/28/87,0,FALSE,Richards
rubencarmonamedrano,46,4757.99,Employee,Fun!23,Ruben,6/6/87,0,TRUE,CarmonaMedrano
emiliarivas,68,4980.78,Employee,Fun!23,Emilia,11/24/87,0,FALSE,Rivas
tiffanyjones,760,10773.28,Employee,Fun!23,Tiffany,11/28/87,0,TRUE,Jones
richardvargas,150,13016.94,Employee,Fun!23,Richard,1/2/88,0,TRUE,Vargas
tararodriguez,451,5256.03,Employee,Fun!23,Tara,1/11/88,0,TRUE,Rodriguez
stephenvillegas,299,2366.37,Employee,Fun!23,Stephen,2/1/88,0,TRUE,Villegas
joannatrevino,231,7440.73,Employee,Fun!23,Joanna,2/5/88,0,TRUE,Trevino
daviddavila,444,6361.94,Employee,Fun!23,David,5/27/88,0,FALSE,Davila
rayhuynh,410,8884.31,Employee,Fun!23,Ray,7/11/88,0,FALSE,Huynh
danajones,582,8941.25,Employee,Fun!23,Dana,7/26/88,0,FALSE,Jones
robertflores,957,3041.18,Employee,Fun!23,Robert,7/29/88,0,FALSE,Flores
captaiinhook,27,11295.41,Customer,Fun!23,Captaiin,8/18/88,0,FALSE,Hook
lisaspencer,419,13158.89,Employee,Fun!23,Lisa,9/18/88,0,TRUE,Spencer
elizabethrodriguez,940,8093.76,Employee,Fun!23,Elizabeth,9/20/88,0,FALSE,Rodriguez
ritaowens,433,11709.44,Employee,Fun!23,Rita,10/31/88,0,TRUE,Owens
elizabethdominguez,774,13980.56,Employee,Fun!23,Elizabeth,11/11/88,0,TRUE,Dominguez
leilamartinez,61,10135.16,Employee,Fun!23,Leila,12/17/88,0,TRUE,Martinez
jenniferhernandez,954,10047.99,Employee,Fun!23,Jennifer,12/24/88,0,TRUE,Hernandez
jamesmitchell,1018,8409.78,Employee,Fun!23,James,12/24/88,0,TRUE,Mitchell
marissawagner,153,4985.2,Employee,Fun!23,Marissa,5/17/89,0,TRUE,Wagner
aprilturner,440,10244.86,Employee,Fun!23,April,6/14/89,0,TRUE,Turner
jaredperry,621,13505.04,Employee,Fun!23,Jared,6/21/89,0,FALSE,Perry
sarahanderson,598,4316.55,Employee,Fun!23,Sarah,7/21/89,0,FALSE,Anderson
amandavang,543,2524.97,Employee,Fun!23,Amanda,11/19/89,0,FALSE,Vang
leeburke,213,3660.25,Employee,Fun!23,Lee,12/23/89,0,TRUE,Burke
andrewnorris,818,7723.17,Employee,Fun!23,Andrew,1/29/90,0,FALSE,Norris
angeljoseph,371,12558.39,Employee,Fun!23,Angel,3/20/90,0,TRUE,Joseph
rogercasey,964,10597.95,Employee,Fun!23,Roger,5/1/90,0,FALSE,Casey
davidhayes,932,12075.06,Employee,Fun!23,David,5/26/90,0,FALSE,Hayes
vanessacarson,1030,5430.97,Employee,Fun!23,Vanessa,7/12/90,0,TRUE,Carson
stephaniekirby,657,8956.51,Employee,Fun!23,Stephanie,9/4/90,0,TRUE,Kirby
allisonweaver,732,12837.89,Employee,Fun!23,Allison,10/26/90,0,TRUE,Weaver
alejandroolivas,63,2225.3,Employee,Fun!23,Alejandro,12/12/90,0,FALSE,Olivas
josephhanna,1004,5729.71,Employee,Fun!23,Joseph,12/26/90,0,FALSE,Hanna
woodydisney,16,8595.5,Customer,Fun!23,Woody,2/20/91,0,FALSE,Disney
jenniferschneider,930,13425.29,Employee,Fun!23,Jennifer,4/6/91,0,TRUE,Schneider
rachelphillips,318,11736.32,Employee,Fun!23,Rachel,4/16/91,0,FALSE,Phillips
sharoncastillo,942,4726.16,Employee,Fun!23,Sharon,5/14/91,0,FALSE,Castillo
wesleywilliamson,703,2988.23,Employee,Fun!23,Wesley,5/17/91,0,FALSE,Williamson
martinedwards,569,12072.83,Employee,Fun!23,Martin,5/19/91,0,FALSE,Edwards
mariowalker,279,10366.24,Employee,Fun!23,Mario,6/2/91,0,FALSE,Walker
bridgetwagner,215,8917.7,Employee,Fun!23,Bridget,7/21/91,0,FALSE,Wagner
reneezimmerman,179,6116.02,Employee,Fun!23,Renee,9/4/91,0,FALSE,Zimmerman
anthonybarber,595,4818.24,Employee,Fun!23,Anthony,9/8/91,0,TRUE,Barber
lisajackson,918,9409.75,Employee,Fun!23,Lisa,10/16/91,0,TRUE,Jackson
susanallen,271,7495.25,Employee,Fun!23,Susan,3/21/92,0,TRUE,Allen
kimberlykline,132,3097.06,Employee,Fun!23,Kimberly,3/31/92,0,TRUE,Kline
emilycole,885,14145.75,Employee,Fun!23,Emily,3/31/92,0,FALSE,Cole
matthewcampbell,314,2360.58,Employee,Fun!23,Matthew,7/18/92,0,FALSE,Campbell
lorilivingston,1000,5242.76,Employee,Fun!23,Lori,8/6/92,0,TRUE,Livingston
kellybell,480,13628.41,Employee,Fun!23,Kelly,9/7/92,0,FALSE,Bell
jaredscott,746,11026.02,Employee,Fun!23,Jared,12/2/92,0,TRUE,Scott
christophermelendez,527,11875.5,Employee,Fun!23,Christopher,12/16/92,0,TRUE,Melendez
nicoleharvey,289,3825.29,Employee,Fun!23,Nicole,1/14/93,0,TRUE,Harvey
theresahardy,469,4651.47,Employee,Fun!23,Theresa,2/19/93,0,TRUE,Hardy
marciasnyder,835,14288.94,Employee,Fun!23,Marcia,4/29/93,0,FALSE,Snyder
deannacummings,912,7340.52,Employee,Fun!23,Deanna,6/5/93,0,FALSE,Cummings
jermainedean,715,14003.66,Employee,Fun!23,Jermaine,6/17/93,0,FALSE,Dean
kennethdavis,682,4733.61,Employee,Fun!23,Kenneth,7/26/93,0,FALSE,Davis
bobbybennett,516,6470.59,Employee,Fun!23,Bobby,8/29/93,0,TRUE,Bennett
denniscooper,934,5636.6,Employee,Fun!23,Dennis,9/26/93,0,FALSE,Cooper
davidbrown,100,3459.69,Employee,Fun!23,David,10/26/93,0,TRUE,Brown
urselamermaid,19,10221.96,Customer,Fun!23,Ursela,1/11/94,0,TRUE,Mermaid
donnaallen,207,10582.09,Employee,Fun!23,Donna,1/11/94,0,TRUE,Allen
brittanyandrews,95,9551.73,Employee,Fun!23,Brittany,2/2/94,0,TRUE,Andrews
alexisford,252,5153.9,Employee,Fun!23,Alexis,2/21/94,0,TRUE,Ford
beckysimpson,958,8403.3,Employee,Fun!23,Becky,2/24/94,0,FALSE,Simpson
cesarjones,219,5064.94,Employee,Fun!23,Cesar,3/15/94,0,TRUE,Jones
jillhenderson,173,6828.26,Employee,Fun!23,Jill,3/17/94,0,TRUE,Henderson
johnsanders,1016,3698.36,Employee,Fun!23,John,5/5/94,0,FALSE,Sanders
lindarodriguez,681,8554.88,Employee,Fun!23,Linda,6/7/94,0,FALSE,Rodriguez
ryanpeterson,1001,9413.29,Employee,Fun!23,Ryan,11/5/94,0,TRUE,Peterson
pamelacarter,124,11338.55,Employee,Fun!23,Pamela,12/30/94,0,TRUE,Carter
laurencoleman,891,11369.23,Employee,Fun!23,Lauren,1/25/95,0,TRUE,Coleman
elizabethkim,307,7049.84,Employee,Fun!23,Elizabeth,6/2/95,0,FALSE,Kim
plutodisney,5,11681.54,Customer,Fun!23,Pluto,8/5/95,0,TRUE,Disney
amandabaker,1038,11365.05,Employee,Fun!23,Amanda,9/10/95,0,TRUE,Baker
katherineevans,103,7223.12,Employee,Fun!23,Katherine,11/27/95,0,FALSE,Evans
georgeayala,801,12543.23,Employee,Fun!23,George,12/28/95,0,FALSE,Ayala
geraldbeltran,561,11915.49,Employee,Fun!23,Gerald,2/11/96,0,TRUE,Beltran
garymiller,464,14569.98,Employee,Fun!23,Gary,2/17/96,0,FALSE,Miller
christopherdavis,704,14217.17,Employee,Fun!23,Christopher,3/21/96,0,FALSE,Davis
ericvazquez,190,4724.47,Employee,Fun!23,Eric,4/18/96,0,FALSE,Vazquez
zacharytran,413,8738.64,Employee,Fun!23,Zachary,5/13/96,0,TRUE,Tran
alexisshea,449,9188.53,Employee,Fun!23,Alexis,6/3/96,0,TRUE,Shea
jessedunn,890,12702.17,Employee,Fun!23,Jesse,6/21/96,0,TRUE,Dunn
keithchristensen,784,8397.84,Employee,Fun!23,Keith,8/20/96,0,FALSE,Christensen
kristenmartinez,1024,7890.38,Employee,Fun!23,Kristen,9/9/96,0,TRUE,Martinez
janethughes,618,4205.88,Employee,Fun!23,Janet,9/15/96,0,TRUE,Hughes
jamesmorgan,587,12824.31,Employee,Fun!23,James,12/12/96,0,FALSE,Morgan
ericramos,472,7552.39,Employee,Fun!23,Eric,12/24/96,0,FALSE,Ramos
mirandawalker,960,4328.82,Employee,Fun!23,Miranda,12/26/96,0,FALSE,Walker
christopherortega,913,10136.49,Employee,Fun!23,Christopher,3/20/97,0,TRUE,Ortega
alexandrasimpson,782,10258.83,Employee,Fun!23,Alexandra,5/3/97,0,FALSE,Simpson
simbaking,24,14635.92,Customer,Fun!23,Simba,9/20/97,0,TRUE,King
lancedominguez,302,7775.14,Employee,Fun!23,Lance,11/4/97,0,FALSE,Dominguez
tammymartinez,287,10938.84,Employee,Fun!23,Tammy,11/24/97,0,FALSE,Martinez
corybyrd,1037,4203.65,Employee,Fun!23,Cory,1/12/98,0,TRUE,Byrd
timothyromero,218,8435.84,Employee,Fun!23,Timothy,3/21/98,0,FALSE,Romero
cherylwilson,325,8405.34,Employee,Fun!23,Cheryl,4/4/98,0,TRUE,Wilson
amandamiller,208,10365.86,Employee,Fun!23,Amanda,4/6/98,0,TRUE,Miller
cinderelladisney,8,5270.44,Customer,Fun!23,Cinderella,4/9/98,0,FALSE,Disney
michaelcastillo,401,14131.9,Employee,Fun!23,Michael,6/11/98,0,TRUE,Castillo
michaelcowan,737,5814.98,Employee,Fun!23,Michael,6/28/98,0,TRUE,Cowan
marissahenry,980,11745.31,Employee,Fun!23,Marissa,7/29/98,0,FALSE,Henry
elizabethjackson,1006,4956.91,Employee,Fun!23,Elizabeth,7/31/98,0,FALSE,Jackson
paulfisher,232,13653.36,Employee,Fun!23,Paul,8/5/98,0,FALSE,Fisher
kyletaylor,335,5623.92,Employee,Fun!23,Kyle,10/6/98,0,FALSE,Taylor
daniellechavez,899,8514.6,Employee,Fun!23,Danielle,10/18/98,0,FALSE,Chavez
chrisjones,571,9542.92,Employee,Fun!23,Chris,11/20/98,0,TRUE,Jones
jamesanderson,653,6884,Employee,Fun!23,James,11/20/98,0,TRUE,Anderson
anthonybyrd,979,10594.1,Employee,Fun!23,Anthony,11/24/98,0,FALSE,Byrd
seansmith,773,3054.44,Employee,Fun!23,Sean,12/3/98,0,TRUE,Smith
ronaldmartinez,948,12600.32,Employee,Fun!23,Ronald,1/12/99,0,FALSE,Martinez
williamevans,553,3723.87,Employee,Fun!23,William,2/9/99,0,TRUE,Evans
michaelnunez,733,9090.46,Employee,Fun!23,Michael,2/11/99,0,FALSE,Nunez
jeffreydelgado,210,2196.76,Employee,Fun!23,Jeffrey,2/13/99,0,FALSE,Delgado
michaelflores,764,9965.37,Employee,Fun!23,Michael,3/23/99,0,TRUE,Flores
robertkennedy,994,10766.85,Employee,Fun!23,Robert,4/16/99,0,TRUE,Kennedy
colleentorres,513,12194.42,Employee,Fun!23,Colleen,8/21/99,0,TRUE,Torres
leroywalters,262,13434.04,Employee,Fun!23,Leroy,9/30/99,0,TRUE,Walters
tiffanydavis,524,14737,Employee,Fun!23,Tiffany,10/1/99,0,FALSE,Davis
michellegriffin,804,9719.06,Employee,Fun!23,Michelle,1/13/00,0,TRUE,Griffin
mufassadisney,13,5870.49,Customer,Fun!23,Mufassa,1/24/00,0,TRUE,Disney
daltonbryant,926,14237.58,Employee,Fun!23,Dalton,2/2/00,0,TRUE,Bryant
michaeljohnson,986,6709.48,Employee,Fun!23,Michael,2/6/00,0,FALSE,Johnson
austingriffin,106,14035.99,Employee,Fun!23,Austin,3/28/00,0,FALSE,Griffin
christopherosborne,633,9945.22,Employee,Fun!23,Christopher,5/23/00,0,FALSE,Osborne
denisewilliams,342,12469.82,Employee,Fun!23,Denise,8/29/00,0,TRUE,Williams
kathleenhines,549,4418.3,Employee,Fun!23,Kathleen,12/16/00,0,FALSE,Hines
williamadkins,728,6833.06,Employee,Fun!23,William,12/24/00,0,FALSE,Adkins