ID,First Name,Last Name,DOB,Role,Money Available,Flights Purchased,MinerAir Membership,Username,Password
1,Mickey,Mouse,2/29/36,Customer,11804.35,0,true,mickeymouse,Fun!23
2,Donald,Duck,3/21/17,Customer,11582.71,0,true,donaldduck,Fun!23
3,Minnie,Mouse,11/23/42,Customer,9915.93,0,false,minniemouse,Fun!23
4,Goofy,Disney,6/10/34,Customer,12097.58,0,false,goofydisney,Fun!23
5,Pluto,Disney,8/5/95,Customer,11681.54,0,true,plutodisney,Fun!23
6,Chip,Disney,11/28/41,Customer,3297.92,0,false,chipdisney,Fun!23
7,Dale,Disney,10/8/50,Customer,4979.19,0,false,daledisney,Fun!23
800,Holly,Davidson,5/16/61,Employee,10461.2,0,false,hollydavidson,Fun!23
8,Cinderella,Disney,4/9/98,Customer,5270.44,0,false,cinderelladisney,Fun!23
9,Ariel,Disney,3/12/37,Customer,7988.21,0,true,arieldisney,Fun!23
801,George,Ayala,12/28/95,Employee,12543.23,0,false,georgeayala,Fun!23
802,Michelle,Oliver,11/12/85,Employee,5240.21,0,true,michelleoliver,Fun!23
803,George,Proctor,3/25/49,Employee,3938.51,0,false,georgeproctor,Fun!23
804,Michelle,Griffin,1/13/00,Employee,9719.06,0,true,michellegriffin,Fun!23
805,Michelle,Maynard,8/29/33,Employee,6112.53,0,false,michellemaynard,Fun!23
806,Elizabeth,Castillo,7/15/13,Employee,4725.51,0,false,elizabethcastillo,Fun!23
807,Jonathan,Martinez,11/7/60,Employee,11563.53,0,true,jonathanmartinez,Fun!23
808,Tanya,Johnson,2/7/49,Employee,4147.49,0,true,tanyajohnson,Fun!23
809,Megan,Thompson,6/15/45,Employee,4921.07,0,false,meganthompson,Fun!23
1000,Lori,Livingston,8/6/92,Employee,5242.76,0,true,lorilivingston,Fun!23
810,Emily,Estes,2/14/20,Employee,12741.07,0,false,emilyestes,Fun!23
811,Melissa,Johnson,1/25/73,Employee,10885.51,0,false,melissajohnson,Fun!23
812,Casey,Navarro,9/26/27,Employee,4981.31,0,false,caseynavarro,Fun!23
813,Shawn,Lee,12/28/19,Employee,10821.38,0,true,shawnlee,Fun!23
814,Brandi,Daniel,11/21/27,Employee,10082.62,0,false,brandidaniel,Fun!23
815,Jose,Smith,10/2/34,Employee,4725.67,0,false,josesmith,Fun!23
816,Alicia,Moran,6/5/21,Employee,14565.03,0,true,aliciamoran,Fun!23
817,Jennifer,Jones,3/20/53,Employee,7039.18,0,false,jenniferjones,Fun!23
818,Andrew,Norris,1/29/90,Employee,7723.17,0,false,andrewnorris,Fun!23
819,Maria,Young,12/24/45,Employee,9629.11,0,true,mariayoung,Fun!23
1011,Charles,Chambers,7/15/46,Employee,2464.51,0,false,charleschambers,Fun!23
1010,Beth,Moss,5/30/32,Employee,9545.93,0,true,bethmoss,Fun!23
1008,Laura,Williams,12/12/34,Employee,7755.39,0,false,laurawilliams,Fun!23
1007,Melissa,Holt,1/1/57,Employee,11119.64,0,false,melissaholt,Fun!23
1006,Elizabeth,Jackson,7/31/98,Employee,4956.91,0,false,elizabethjackson,Fun!23
1005,Tammy,Thomas,9/4/38,Employee,10198.99,0,false,tammythomas,Fun!23
1004,Joseph,Hanna,12/26/90,Employee,5729.71,0,false,josephhanna,Fun!23
1003,David,Johnson,5/12/05,Employee,7134.07,0,true,davidjohnson,Fun!23
820,Ann,Rogers,2/11/29,Employee,12803.39,0,false,annrogers,Fun!23
1002,Andrew,Hall,5/18/34,Employee,3678.04,0,true,andrewhall,Fun!23
821,Felicia,Carlson,10/3/48,Employee,9257.03,0,true,feliciacarlson,Fun!23
1001,Ryan,Peterson,11/5/94,Employee,9413.29,0,true,ryanpeterson,Fun!23
822,Chad,Green,12/28/26,Employee,4278.12,0,false,chadgreen,Fun!23
823,Tanya,Turner,12/23/06,Employee,2607.1,0,true,tanyaturner,Fun!23
824,Joseph,Fritz,7/26/65,Employee,10872.34,0,false,josephfritz,Fun!23
825,James,Simpson,5/17/51,Employee,3662.13,0,false,jamessimpson,Fun!23
826,Ernest,Bentley,3/24/77,Employee,8563.12,0,true,ernestbentley,Fun!23
827,Crystal,Hayes,8/1/01,Employee,5786.22,0,false,crystalhayes,Fun!23
828,Jessica,Lloyd,4/25/31,Employee,14448.44,0,true,jessicalloyd,Fun!23
1009,Courtney,Olsen,1/1/06,Employee,13060.42,0,false,courtneyolsen,Fun!23
829,Julie,Shaw,5/23/45,Employee,2800.76,0,true,julieshaw,Fun!23
1022,Bryan,Massey,5/17/52,Employee,9806.83,0,false,bryanmassey,Fun!23
1021,Mark,Butler,1/12/18,Employee,11675.92,0,false,markbutler,Fun!23
1020,Tonya,Elliott,11/2/73,Employee,10823.05,0,true,tonyaelliott,Fun!23
1019,Thomas,Stevenson,9/8/54,Employee,2225.34,0,true,thomasstevenson,Fun!23
1018,James,Mitchell,12/24/88,Employee,8409.78,0,true,jamesmitchell,Fun!23
1017,Kim,Craig,3/6/86,Employee,14739.9,0,true,kimcraig,Fun!23
1016,John,Sanders,5/5/94,Employee,3698.36,0,false,johnsanders,Fun!23
1015,Patricia,Hughes,2/27/03,Employee,6439.0,0,false,patriciahughes,Fun!23
1014,Austin,Lewis,1/8/81,Employee,11386.85,0,false,austinlewis,Fun!23
830,Mark,Thompson,4/2/82,Employee,6847.32,0,false,markthompson,Fun!23
1013,Carlos,Lynch,10/1/41,Employee,5442.93,0,false,carloslynch,Fun!23
831,Michael,Prince,4/3/81,Employee,13924.29,0,true,michaelprince,Fun!23
832,Craig,Fleming,3/3/09,Employee,12180.7,0,true,craigfleming,Fun!23
1012,Mikayla,Dennis,1/19/41,Employee,11562.54,0,true,mikayladennis,Fun!23
833,Michael,Williamson,5/3/15,Employee,4949.66,0,false,michaelwilliamson,Fun!23
834,Sarah,Stanton,1/6/26,Employee,13200.19,0,true,sarahstanton,Fun!23
835,Marcia,Snyder,4/29/93,Employee,14288.94,0,false,marciasnyder,Fun!23
836,Gary,Park,3/3/68,Employee,5535.53,0,true,garypark,Fun!23
837,Cynthia,Ellis,6/22/31,Employee,4739.7,0,false,cynthiaellis,Fun!23
838,Victoria,White,8/24/55,Employee,12747.56,0,true,victoriawhite,Fun!23
839,Juan,Brock,5/4/08,Employee,10649.17,0,false,juanbrock,Fun!23
1033,Angela,English,2/27/28,Employee,11306.25,0,true,angelaenglish,Fun!23
1032,Kimberly,Harris,7/18/32,Employee,5174.77,0,false,kimberlyharris,Fun!23
1031,Wendy,Phillips,2/23/60,Employee,10698.49,0,false,wendyphillips,Fun!23
1030,Vanessa,Carson,7/12/90,Employee,5430.97,0,true,vanessacarson,Fun!23
1029,Jessica,Smith,7/3/76,Employee,13370.18,0,false,jessicasmith,Fun!23
1028,Stephen,Peters,7/6/71,Employee,8800.13,0,false,stephenpeters,Fun!23
1027,Erin,Barton,1/8/73,Employee,13574.75,0,false,erinbarton,Fun!23
1026,Timothy,Wagner,6/5/17,Employee,8005.23,0,true,timothywagner,Fun!23
840,Sandra,Newton,1/19/84,Employee,8183.91,0,false,sandranewton,Fun!23
1025,Maria,Kelly,2/15/17,Employee,8584.64,0,true,mariakelly,Fun!23
841,Victor,Anderson,9/29/82,Employee,13281.7,0,false,victoranderson,Fun!23
842,Dana,Miller,2/27/13,Employee,13475.2,0,true,danamiller,Fun!23
600,Jennifer,Smith,12/15/56,Employee,2991.97,0,true,jennifersmith,Fun!23
1024,Kristen,Martinez,9/9/96,Employee,7890.38,0,true,kristenmartinez,Fun!23
1023,Lisa,Yu,5/4/20,Employee,3310.0,0,true,lisayu,Fun!23
601,David,Harvey,6/15/43,Employee,7051.27,0,false,davidharvey,Fun!23
843,Kevin,Tran,5/13/60,Employee,14182.93,0,false,kevintran,Fun!23
844,Linda,Miller,11/29/61,Employee,6898.47,0,false,lindamiller,Fun!23
602,Shannon,White,6/28/81,Employee,4867.69,0,true,shannonwhite,Fun!23
845,Jacob,Norton,5/1/63,Employee,12247.69,0,true,jacobnorton,Fun!23
603,Brian,Gates,2/22/71,Employee,13781.75,0,false,briangates,Fun!23
604,Victor,Ross,8/11/00,Employee,8424.8,0,true,victorross,Fun!23
846,Joshua,Gomez,7/14/74,Employee,12980.18,0,true,joshuagomez,Fun!23
605,Antonio,Edwards,8/5/53,Employee,3263.32,0,false,antonioedwards,Fun!23
847,Robin,Wilson,7/7/56,Employee,3347.76,0,true,robinwilson,Fun!23
606,Lawrence,Price,12/14/84,Employee,10578.1,0,false,lawrenceprice,Fun!23
848,Amy,Parsons,1/23/87,Employee,14820.23,0,false,amyparsons,Fun!23
849,Philip,Holt,1/10/64,Employee,12189.3,0,false,philipholt,Fun!23
607,Sarah,Cline,8/21/74,Employee,7229.47,0,true,sarahcline,Fun!23
608,Linda,Robles,7/2/57,Employee,8189.07,0,false,lindarobles,Fun!23
609,Amber,Nguyen,10/31/49,Employee,12581.19,0,false,ambernguyen,Fun!23
1039,Kendra,Sawyer,4/21/49,Employee,6333.7,0,false,kendrasawyer,Fun!23
850,Alison,Hicks,9/2/40,Employee,8886.9,0,true,alisonhicks,Fun!23
1038,Amanda,Baker,9/10/95,Employee,11365.05,0,true,amandabaker,Fun!23
851,Alexander,Wilson,11/16/52,Employee,5644.08,0,true,alexanderwilson,Fun!23
1037,Cory,Byrd,1/12/98,Employee,4203.65,0,true,corybyrd,Fun!23
852,Nicole,Lloyd,12/2/12,Employee,6008.18,0,false,nicolelloyd,Fun!23
610,Rick,Parrish,8/4/32,Employee,3984.24,0,true,rickparrish,Fun!23
1036,Shelly,Jones,11/23/85,Employee,3871.33,0,true,shellyjones,Fun!23
611,Edward,Molina,12/20/09,Employee,10414.86,0,false,edwardmolina,Fun!23
1035,Brooke,Maxwell,6/21/19,Employee,4899.55,0,false,brookemaxwell,Fun!23
853,Michael,Clarke,5/14/42,Employee,4051.73,0,true,michaelclarke,Fun!23
612,Darren,Gibbs,3/13/06,Employee,4248.92,0,false,darrengibbs,Fun!23
1034,Taylor,Johnson,6/29/52,Employee,12086.35,0,true,taylorjohnson,Fun!23
854,Nicholas,Smith,2/20/65,Employee,6018.09,0,false,nicholassmith,Fun!23
613,Andrew,Mcclure,12/21/05,Employee,9537.31,0,true,andrewmcclure,Fun!23
855,Laurie,Johnson,10/18/28,Employee,11631.89,0,true,lauriejohnson,Fun!23
614,Michael,King,12/12/48,Employee,4951.18,0,true,michaelking,Fun!23
856,George,Gilbert,12/21/76,Employee,13522.36,0,true,georgegilbert,Fun!23
857,Kristine,Smith,3/12/58,Employee,6279.68,0,false,kristinesmith,Fun!23
615,Vanessa,Watson,12/1/85,Employee,13535.65,0,true,vanessawatson,Fun!23
616,Jerry,Smith,6/21/07,Employee,4846.93,0,true,jerrysmith,Fun!23
858,Kevin,Harrison,2/6/16,Employee,8452.33,0,true,kevinharrison,Fun!23
617,Andrew,Marshall,10/16/42,Employee,9037.77,0,true,andrewmarshall,Fun!23
859,Karl,Davis,1/9/69,Employee,6531.64,0,true,karldavis,Fun!23
618,Janet,Hughes,9/15/96,Employee,4205.88,0,true,janethughes,Fun!23
619,Tyler,Baxter,1/26/76,Employee,2079.48,0,false,tylerbaxter,Fun!23
860,Lisa,Peters,3/25/06,Employee,7538.45,0,false,lisapeters,Fun!23
861,Paul,Harmon,1/4/34,Employee,5449.52,0,true,paulharmon,Fun!23
862,Brandon,Miller,9/16/45,Employee,3216.35,0,false,brandonmiller,Fun!23
620,Amber,Long,2/13/80,Employee,3180.87,0,true,amberlong,Fun!23
863,Mark,Gonzalez,2/11/56,Employee,7640.06,0,true,markgonzalez,Fun!23
621,Jared,Perry,6/21/89,Employee,13505.04,0,false,jaredperry,Fun!23
864,Christopher,Lucero,7/3/12,Employee,10302.16,0,true,christopherlucero,Fun!23
622,Natalie,Richardson,12/27/26,Employee,9591.17,0,true,natalierichardson,Fun!23
623,Erika,Lopez,10/30/00,Employee,5370.49,0,true,erikalopez,Fun!23
865,Sherry,Mora,4/18/41,Employee,13137.66,0,false,sherrymora,Fun!23
624,Michelle,Walsh,3/30/47,Employee,2144.52,0,true,michellewalsh,Fun!23
866,Jody,Sanchez,8/11/57,Employee,2717.79,0,true,jodysanchez,Fun!23
867,Christian,Ellis,12/1/27,Employee,13161.68,0,true,christianellis,Fun!23
625,Anthony,Carson,3/28/56,Employee,10499.96,0,true,anthonycarson,Fun!23
868,Sandra,Sutton,5/25/21,Employee,8832.72,0,true,sandrasutton,Fun!23
626,Heather,Cunningham,6/13/82,Employee,7409.37,0,true,heathercunningham,Fun!23
869,Kenneth,House,2/28/65,Employee,4343.65,0,false,kennethhouse,Fun!23
627,Ronald,Bond,2/2/86,Employee,11794.98,0,true,ronaldbond,Fun!23
628,Sherri,Armstrong,12/6/21,Employee,10954.82,0,true,sherriarmstrong,Fun!23
629,Jacob,Contreras,9/30/01,Employee,9998.26,0,true,jacobcontreras,Fun!23
870,Wendy,Montoya,8/1/40,Employee,7698.46,0,true,wendymontoya,Fun!23
871,Bryan,Wise,3/24/77,Employee,11803.47,0,true,bryanwise,Fun!23
630,Colleen,Sanchez,7/30/35,Employee,3656.58,0,false,colleensanchez,Fun!23
872,Joseph,Robinson,1/31/83,Employee,14861.79,0,false,josephrobinson,Fun!23
631,Derek,Lopez,3/21/10,Employee,11344.7,0,true,dereklopez,Fun!23
873,Mindy,Ross,12/6/59,Employee,3762.91,0,true,mindyross,Fun!23
632,Kayla,Smith,5/28/51,Employee,8433.97,0,true,kaylasmith,Fun!23
874,Sonia,Durham,9/12/79,Employee,8847.95,0,true,soniadurham,Fun!23
875,John,House,4/29/18,Employee,2055.1,0,false,johnhouse,Fun!23
633,Christopher,Osborne,5/23/00,Employee,9945.22,0,false,christopherosborne,Fun!23
634,Mercedes,Nichols,11/17/61,Employee,14562.07,0,true,mercedesnichols,Fun!23
876,Carolyn,Dunn,12/24/84,Employee,2012.82,0,true,carolyndunn,Fun!23
635,Beth,Sharp,9/3/57,Employee,8616.5,0,false,bethsharp,Fun!23
877,Curtis,Phillips,10/9/80,Employee,13154.99,0,true,curtisphillips,Fun!23
878,Kenneth,Boyd,9/16/12,Employee,4746.76,0,true,kennethboyd,Fun!23
636,Scott,Bailey,7/2/75,Employee,8758.72,0,false,scottbailey,Fun!23
879,Jennifer,Davidson,2/19/01,Employee,3873.14,0,true,jenniferdavidson,Fun!23
637,Crystal,Young,9/17/39,Employee,12253.07,0,false,crystalyoung,Fun!23
638,Allen,Arnold,2/8/71,Employee,11892.24,0,false,allenarnold,Fun!23
639,Donald,Tran,9/21/41,Employee,6403.19,0,false,donaldtran,Fun!23
880,Brett,Higgins,5/22/04,Employee,12099.21,0,true,bretthiggins,Fun!23
881,Brett,Wallace,1/16/18,Employee,2399.1,0,false,brettwallace,Fun!23
882,Tyrone,Alvarado,3/25/25,Employee,2071.35,0,false,tyronealvarado,Fun!23
640,Christopher,Fields,12/2/56,Employee,10496.05,0,true,christopherfields,Fun!23
883,Christina,Villanueva,6/16/02,Employee,13365.43,0,true,christinavillanueva,Fun!23
641,Luis,Johnson,9/19/78,Employee,9932.62,0,true,luisjohnson,Fun!23
884,Mark,Washington,1/16/40,Employee,8703.84,0,true,markwashington,Fun!23
400,Jessica,Fernandez,7/30/54,Employee,7891.0,0,true,jessicafernandez,Fun!23
642,Krista,Lambert,6/7/67,Employee,4552.75,0,true,kristalambert,Fun!23
643,Nicholas,Copeland,7/1/59,Employee,4915.5,0,true,nicholascopeland,Fun!23
885,Emily,Cole,3/31/92,Employee,14145.75,0,false,emilycole,Fun!23
401,Michael,Castillo,6/11/98,Employee,14131.9,0,true,michaelcastillo,Fun!23
402,Ruben,Edwards,2/4/21,Employee,8497.03,0,false,rubenedwards,Fun!23
644,Mark,Rogers,10/26/71,Employee,7678.0,0,true,markrogers,Fun!23
886,Kelly,Herring,1/12/81,Employee,2221.08,0,false,kellyherring,Fun!23
887,Joseph,Davis,12/28/13,Employee,14785.5,0,false,josephdavis,Fun!23
645,Jessica,Ramirez,1/3/34,Employee,9289.84,0,false,jessicaramirez,Fun!23
403,Ashley,Wilcox,1/15/53,Employee,7398.84,0,false,ashleywilcox,Fun!23
404,Allison,Cross,10/14/49,Employee,6486.71,0,true,allisoncross,Fun!23
646,Matthew,Gonzalez,6/30/56,Employee,14624.83,0,true,matthewgonzalez,Fun!23
888,Stephanie,Williams,1/2/70,Employee,9231.27,0,false,stephaniewilliams,Fun!23
405,Anita,Stein,10/27/42,Employee,3562.32,0,false,anitastein,Fun!23
647,Rose,Burgess,11/9/42,Employee,10083.08,0,true,roseburgess,Fun!23
889,Jorge,Huerta,2/13/46,Employee,3028.5,0,true,jorgehuerta,Fun!23
406,Sean,Hull,8/31/08,Employee,4768.03,0,true,seanhull,Fun!23
648,Holly,Schneider,8/23/49,Employee,11191.15,0,true,hollyschneider,Fun!23
649,Joanna,Knight,2/11/27,Employee,14532.85,0,false,joannaknight,Fun!23
407,Ricardo,Rodriguez,3/8/59,Employee,12041.16,0,true,ricardorodriguez,Fun!23
408,David,Soto,2/9/52,Employee,6559.06,0,false,davidsoto,Fun!23
409,Kayla,Mahoney,8/25/26,Employee,3362.52,0,false,kaylamahoney,Fun!23
890,Jesse,Dunn,6/21/96,Employee,12702.17,0,true,jessedunn,Fun!23
891,Lauren,Coleman,1/25/95,Employee,11369.23,0,true,laurencoleman,Fun!23
650,David,Cox,6/2/68,Employee,14109.04,0,false,davidcox,Fun!23
892,Jack,Morgan,5/9/84,Employee,13749.13,0,true,jackmorgan,Fun!23
893,Matthew,Mason,11/12/35,Employee,12481.96,0,true,matthewmason,Fun!23
651,Elizabeth,Reyes,11/4/37,Employee,9885.2,0,true,elizabethreyes,Fun!23
652,Melissa,Mcdonald,3/8/16,Employee,12836.69,0,false,melissamcdonald,Fun!23
894,Olivia,Richardson,9/24/47,Employee,14330.67,0,false,oliviarichardson,Fun!23
410,Ray,Huynh,7/11/88,Employee,8884.31,0,false,rayhuynh,Fun!23
895,Justin,Hawkins,3/21/24,Employee,8470.2,0,true,justinhawkins,Fun!23
411,Terri,Mendez,11/19/49,Employee,8787.78,0,false,terrimendez,Fun!23
653,James,Anderson,11/20/98,Employee,6884.0,0,true,jamesanderson,Fun!23
654,Loretta,Phillips,6/21/14,Employee,2951.7,0,false,lorettaphillips,Fun!23
896,Amy,Morse,7/6/49,Employee,13302.36,0,true,amymorse,Fun!23
412,Rachel,Roberson,10/13/70,Employee,12779.99,0,false,rachelroberson,Fun!23
897,Barbara,Love,4/9/02,Employee,3218.95,0,false,barbaralove,Fun!23
655,Gina,Swanson,7/6/69,Employee,6435.76,0,false,ginaswanson,Fun!23
413,Zachary,Tran,5/13/96,Employee,8738.64,0,true,zacharytran,Fun!23
898,David,Clark,9/9/48,Employee,3508.89,0,true,davidclark,Fun!23
414,John,White,7/26/50,Employee,8209.75,0,true,johnwhite,Fun!23
656,Kimberly,Martinez,6/16/83,Employee,8358.64,0,false,kimberlymartinez,Fun!23
415,Philip,Collins,8/23/78,Employee,4852.0,0,false,philipcollins,Fun!23
657,Stephanie,Kirby,9/4/90,Employee,8956.51,0,true,stephaniekirby,Fun!23
899,Danielle,Chavez,10/18/98,Employee,8514.6,0,false,daniellechavez,Fun!23
658,Teresa,Gardner,6/19/46,Employee,6491.03,0,true,teresagardner,Fun!23
416,Hunter,Moore,12/12/85,Employee,9956.07,0,false,huntermoore,Fun!23
417,Nicole,Johnson,7/29/69,Employee,9101.82,0,false,nicolejohnson,Fun!23
659,Brandon,Flores,4/3/73,Employee,9856.03,0,true,brandonflores,Fun!23
418,Adam,Bass,4/6/47,Employee,11646.04,0,true,adambass,Fun!23
419,Lisa,Spencer,9/18/88,Employee,13158.89,0,true,lisaspencer,Fun!23
660,Anthony,Moore,10/16/17,Employee,5910.57,0,false,anthonymoore,Fun!23
661,Steven,Hartman,6/19/11,Employee,8106.76,0,true,stevenhartman,Fun!23
662,Derek,Macias,7/11/26,Employee,8722.79,0,true,derekmacias,Fun!23
420,Justin,Martinez,1/10/39,Employee,9199.83,0,false,justinmartinez,Fun!23
663,Christopher,Robinson,2/3/44,Employee,14092.27,0,false,christopherrobinson,Fun!23
421,Anthony,Hunter,9/29/76,Employee,11082.41,0,false,anthonyhunter,Fun!23
422,Doris,Moore,1/3/17,Employee,8779.28,0,true,dorismoore,Fun!23
664,Scott,Dunn,9/18/76,Employee,14336.66,0,false,scottdunn,Fun!23
423,Elizabeth,Cruz,7/5/23,Employee,11955.03,0,false,elizabethcruz,Fun!23
665,Lawrence,Henry,9/13/84,Employee,12818.2,0,false,lawrencehenry,Fun!23
424,Randy,Keller,2/1/62,Employee,4054.3,0,true,randykeller,Fun!23
666,Gabriel,Sanders,6/11/76,Employee,5934.61,0,true,gabrielsanders,Fun!23
425,Brandon,Neal,7/7/76,Employee,5837.39,0,true,brandonneal,Fun!23
667,Lori,Hall,3/18/80,Employee,13999.2,0,true,lorihall,Fun!23
426,Mark,Lamb,4/28/57,Employee,9031.31,0,true,marklamb,Fun!23
668,Brittany,Richard,1/15/66,Employee,8026.48,0,false,brittanyrichard,Fun!23
427,Tiffany,May,9/17/05,Employee,3804.06,0,false,tiffanymay,Fun!23
669,Sarah,Jones,3/4/69,Employee,9953.96,0,false,sarahjones,Fun!23
428,Krista,Blake,1/20/58,Employee,12841.6,0,true,kristablake,Fun!23
429,John,Morris,2/20/48,Employee,6172.18,0,false,johnmorris,Fun!23
670,Nicholas,Jackson,3/3/16,Employee,13163.92,0,true,nicholasjackson,Fun!23
671,Julia,Jones,8/4/66,Employee,4217.61,0,true,juliajones,Fun!23
430,Jill,Solis,9/11/04,Employee,5495.43,0,false,jillsolis,Fun!23
672,Jennifer,Schultz,7/10/55,Employee,13183.17,0,false,jenniferschultz,Fun!23
431,Emma,Padilla,9/8/09,Employee,14420.0,0,false,emmapadilla,Fun!23
673,Ashley,Walker,7/10/79,Employee,7215.14,0,false,ashleywalker,Fun!23
432,Becky,Gray,10/27/76,Employee,11470.9,0,true,beckygray,Fun!23
674,Michael,Parrish,11/15/76,Employee,11547.75,0,true,michaelparrish,Fun!23
675,Alyssa,Poole,4/19/08,Employee,12680.6,0,false,alyssapoole,Fun!23
433,Rita,Owens,10/31/88,Employee,11709.44,0,true,ritaowens,Fun!23
434,Kristina,Patrick,2/16/05,Employee,10440.99,0,false,kristinapatrick,Fun!23
676,William,Ortiz,10/18/15,Employee,6264.09,0,true,williamortiz,Fun!23
677,Jason,Clark,2/11/10,Employee,5799.56,0,true,jasonclark,Fun!23
435,Raymond,Woodward,7/5/27,Employee,6008.6,0,false,raymondwoodward,Fun!23
436,Rebecca,Brown,11/19/09,Employee,11409.56,0,false,rebeccabrown,Fun!23
678,Jason,Lee,12/13/79,Employee,2493.0,0,true,jasonlee,Fun!23
437,Samantha,Thomas,4/20/21,Employee,4314.77,0,true,samanthathomas,Fun!23
679,Lisa,Miller,11/29/73,Employee,12805.89,0,true,lisamiller,Fun!23
438,Patrick,Larsen,4/21/02,Employee,2435.54,0,false,patricklarsen,Fun!23
439,Emily,Brady,5/25/07,Employee,13525.43,0,false,emilybrady,Fun!23
680,Tyrone,Johnston,7/11/06,Employee,12694.42,0,true,tyronejohnston,Fun!23
681,Linda,Rodriguez,6/7/94,Employee,8554.88,0,false,lindarodriguez,Fun!23
440,April,Turner,6/14/89,Employee,10244.86,0,true,aprilturner,Fun!23
682,Kenneth,Davis,7/26/93,Employee,4733.61,0,false,kennethdavis,Fun!23
441,Steven,Cabrera,8/20/61,Employee,9997.12,0,false,stevencabrera,Fun!23
683,Sarah,Griffin,8/11/68,Employee,10311.54,0,true,sarahgriffin,Fun!23
200,James,Nolan,7/31/02,Employee,4970.07,0,true,jamesnolan,Fun!23
442,Michael,Murray,11/12/48,Employee,4970.24,0,false,michaelmurray,Fun!23
684,Rebecca,Nguyen,8/11/49,Employee,5194.26,0,false,rebeccanguyen,Fun!23
201,Sharon,Miller,10/25/37,Employee,9189.91,0,true,sharonmiller,Fun!23
685,Anna,Davis,10/19/40,Employee,10815.0,0,false,annadavis,Fun!23
443,Gregory,Carr,4/20/51,Employee,4397.62,0,false,gregorycarr,Fun!23
686,Cynthia,Giles,9/9/23,Employee,4374.01,0,false,cynthiagiles,Fun!23
202,Andrew,Parks,9/18/36,Employee,5658.25,0,false,andrewparks,Fun!23
444,David,Davila,5/27/88,Employee,6361.94,0,false,daviddavila,Fun!23
203,Ethan,Holmes,12/4/10,Employee,2511.64,0,false,ethanholmes,Fun!23
445,Brandon,Smith,4/1/41,Employee,4027.1,0,false,brandonsmith,Fun!23
687,Mary,Gonzalez,11/2/83,Employee,6667.7,0,false,marygonzalez,Fun!23
688,Ann,Miller,12/30/07,Employee,8539.17,0,true,annmiller,Fun!23
446,Ryan,Wilkins,7/17/08,Employee,12402.73,0,false,ryanwilkins,Fun!23
204,Mark,Lozano,1/7/87,Employee,7839.92,0,true,marklozano,Fun!23
205,Molly,Cohen,10/27/27,Employee,11722.38,0,false,mollycohen,Fun!23
689,Jose,Farley,7/25/41,Employee,11595.8,0,true,josefarley,Fun!23
447,Jon,Lopez,8/8/58,Employee,10912.84,0,true,jonlopez,Fun!23
448,Jennifer,Copeland,6/26/56,Employee,5513.67,0,true,jennifercopeland,Fun!23
206,Zachary,Ellison,7/31/74,Employee,14404.57,0,false,zacharyellison,Fun!23
207,Donna,Allen,1/11/94,Employee,10582.09,0,true,donnaallen,Fun!23
449,Alexis,Shea,6/3/96,Employee,9188.53,0,true,alexisshea,Fun!23
208,Amanda,Miller,4/6/98,Employee,10365.86,0,true,amandamiller,Fun!23
209,Shirley,Foster,12/7/56,Employee,7363.18,0,true,shirleyfoster,Fun!23
690,Carl,Foley,5/6/84,Employee,13575.05,0,true,carlfoley,Fun!23
691,Christine,Ellis,2/8/64,Employee,8707.5,0,false,christineellis,Fun!23
692,John,Blevins,10/25/13,Employee,5248.05,0,true,johnblevins,Fun!23
450,Gerald,Baker,4/4/20,Employee,8280.34,0,true,geraldbaker,Fun!23
693,Travis,Burton,10/19/68,Employee,14594.75,0,false,travisburton,Fun!23
451,Tara,Rodriguez,1/11/88,Employee,5256.03,0,true,tararodriguez,Fun!23
694,Timothy,Bernard,3/10/49,Employee,4105.95,0,true,timothybernard,Fun!23
452,Jerry,Hampton,3/1/51,Employee,9574.95,0,true,jerryhampton,Fun!23
210,Jeffrey,Delgado,2/13/99,Employee,2196.76,0,false,jeffreydelgado,Fun!23
695,Christina,Dodson,10/25/43,Employee,7325.22,0,true,christinadodson,Fun!23
453,Ray,Booth,9/23/79,Employee,12954.82,0,false,raybooth,Fun!23
211,Brian,Jensen,7/13/86,Employee,12093.03,0,false,brianjensen,Fun!23
454,Michelle,Sexton,3/5/57,Employee,7701.72,0,true,michellesexton,Fun!23
212,Sheila,Lewis,9/12/74,Employee,11772.31,0,true,sheilalewis,Fun!23
696,Andrew,Atkins,9/30/76,Employee,4258.75,0,false,andrewatkins,Fun!23
697,Jeffrey,Best,3/8/15,Employee,2464.7,0,true,jeffreybest,Fun!23
455,Kayla,Morgan,12/29/46,Employee,10200.38,0,true,kaylamorgan,Fun!23
213,Lee,Burke,12/23/89,Employee,3660.25,0,true,leeburke,Fun!23
214,Susan,Alvarez,9/21/19,Employee,8031.66,0,true,susanalvarez,Fun!23
456,Deborah,Scott,12/3/26,Employee,12083.83,0,false,deborahscott,Fun!23
698,Perry,Hill,11/22/84,Employee,9475.23,0,false,perryhill,Fun!23
457,Trevor,Young,7/25/55,Employee,13180.97,0,true,trevoryoung,Fun!23
699,Mary,Lee,1/30/87,Employee,5242.71,0,true,marylee,Fun!23
215,Bridget,Wagner,7/21/91,Employee,8917.7,0,false,bridgetwagner,Fun!23
458,Philip,Chaney,2/27/04,Employee,6056.5,0,false,philipchaney,Fun!23
216,Virginia,Phelps,11/13/68,Employee,8433.7,0,false,virginiaphelps,Fun!23
459,Linda,Alexander,7/7/18,Employee,8428.8,0,false,lindaalexander,Fun!23
217,Chase,Miller,8/1/47,Employee,8856.32,0,false,chasemiller,Fun!23
218,Timothy,Romero,3/21/98,Employee,8435.84,0,false,timothyromero,Fun!23
219,Cesar,Jones,3/15/94,Employee,5064.94,0,true,cesarjones,Fun!23
460,Jason,Skinner,8/25/20,Employee,12118.64,0,false,jasonskinner,Fun!23
461,Anthony,Dalton,3/28/66,Employee,9117.25,0,true,anthonydalton,Fun!23
462,Kevin,Larson,11/3/10,Employee,9528.52,0,false,kevinlarson,Fun!23
220,Kathryn,Perez,2/13/51,Employee,2396.81,0,true,kathrynperez,Fun!23
463,Alexandra,Fox,8/8/02,Employee,4992.66,0,false,alexandrafox,Fun!23
221,Lisa,Garrett,12/22/41,Employee,12976.79,0,false,lisagarrett,Fun!23
222,Mark,Lee,9/9/02,Employee,9811.87,0,true,marklee,Fun!23
464,Gary,Miller,2/17/96,Employee,14569.98,0,false,garymiller,Fun!23
465,Crystal,Rice,10/5/11,Employee,6443.27,0,true,crystalrice,Fun!23
223,Kelly,Yu,3/9/20,Employee,7975.79,0,false,kellyyu,Fun!23
466,George,Wood,4/17/01,Employee,5891.03,0,false,georgewood,Fun!23
224,Christian,Smith,4/26/07,Employee,3315.84,0,false,christiansmith,Fun!23
225,Robert,Park,6/5/11,Employee,11330.93,0,true,robertpark,Fun!23
467,Christopher,Raymond,2/17/55,Employee,10584.11,0,false,christopherraymond,Fun!23
468,Wendy,Stanton,9/28/13,Employee,7846.66,0,true,wendystanton,Fun!23
226,Ariana,Lara,4/2/67,Employee,3736.63,0,true,arianalara,Fun!23
227,Roberto,Gutierrez,12/8/82,Employee,14556.84,0,false,robertogutierrez,Fun!23
469,Theresa,Hardy,2/19/93,Employee,4651.47,0,true,theresahardy,Fun!23
228,Maria,Mccarthy,6/3/68,Employee,7747.23,0,false,mariamccarthy,Fun!23
229,Brittany,Ray,4/10/13,Employee,13718.3,0,false,brittanyray,Fun!23
470,Barbara,Jones,7/14/66,Employee,14547.6,0,true,barbarajones,Fun!23
471,Alyssa,Reese,7/15/50,Employee,2430.06,0,false,alyssareese,Fun!23
230,Shannon,Avery,10/28/39,Employee,3827.88,0,true,shannonavery,Fun!23
472,Eric,Ramos,12/24/96,Employee,7552.39,0,false,ericramos,Fun!23
473,Brian,Lopez,8/6/52,Employee,13823.37,0,true,brianlopez,Fun!23
231,Joanna,Trevino,2/5/88,Employee,7440.73,0,true,joannatrevino,Fun!23
474,Angela,Mcintyre,10/22/84,Employee,12068.43,0,true,angelamcintyre,Fun!23
232,Paul,Fisher,8/5/98,Employee,13653.36,0,false,paulfisher,Fun!23
475,Doris,Mercado,4/10/19,Employee,8498.83,0,true,dorismercado,Fun!23
233,Alexander,Kelly,8/17/36,Employee,11075.77,0,true,alexanderkelly,Fun!23
476,Terri,Strickland,1/9/83,Employee,2635.97,0,true,terristrickland,Fun!23
234,Destiny,Ferguson,3/21/84,Employee,14490.34,0,true,destinyferguson,Fun!23
477,Amy,Rodriguez,10/9/44,Employee,14809.01,0,true,amyrodriguez,Fun!23
235,Samantha,May,4/3/60,Employee,6956.5,0,true,samanthamay,Fun!23
236,Joseph,Lewis,1/14/06,Employee,6471.9,0,true,josephlewis,Fun!23
478,Thomas,Bonilla,6/28/21,Employee,10657.63,0,false,thomasbonilla,Fun!23
237,Andrew,Campos,4/13/44,Employee,4620.23,0,false,andrewcampos,Fun!23
479,Wesley,Lambert,5/22/77,Employee,14871.24,0,true,wesleylambert,Fun!23
238,Jesse,Montgomery,2/7/46,Employee,8062.04,0,false,jessemontgomery,Fun!23
239,Anna,Gutierrez,4/4/70,Employee,2661.31,0,false,annagutierrez,Fun!23
480,Kelly,Bell,9/7/92,Employee,13628.41,0,false,kellybell,Fun!23
481,Michelle,Wood,3/9/06,Employee,8463.74,0,false,michellewood,Fun!23
240,Joel,Arellano,9/24/31,Employee,7401.42,0,true,joelarellano,Fun!23
482,Derek,Irwin,3/16/75,Employee,9645.48,0,true,derekirwin,Fun!23
241,Kaylee,Patterson,10/12/32,Employee,9309.14,0,false,kayleepatterson,Fun!23
483,Brandi,Gordon,5/11/46,Employee,6455.42,0,false,brandigordon,Fun!23
242,James,Henderson,6/16/00,Employee,14542.96,0,false,jameshenderson,Fun!23
484,Julian,Gutierrez,8/10/15,Employee,2026.42,0,false,juliangutierrez,Fun!23
485,Samantha,Cooper,11/20/32,Employee,13032.47,0,false,samanthacooper,Fun!23
243,Ashley,Jones,4/4/40,Employee,3196.08,0,false,ashleyjones,Fun!23
244,Erik,Case,10/16/05,Employee,14585.68,0,false,erikcase,Fun!23
486,Kevin,Gould,3/8/40,Employee,3226.91,0,true,kevingould,Fun!23
245,Dorothy,Cox,7/1/16,Employee,4654.17,0,true,dorothycox,Fun!23
487,Michael,Fox,11/19/83,Employee,3488.65,0,false,michaelfox,Fun!23
488,Steven,Owens,6/28/13,Employee,12865.75,0,false,stevenowens,Fun!23
246,Jeffrey,Marquez,2/23/28,Employee,13535.26,0,true,jeffreymarquez,Fun!23
489,Amber,Sellers,5/3/04,Employee,14707.16,0,true,ambersellers,Fun!23
247,David,Gross,12/1/12,Employee,7817.63,0,false,davidgross,Fun!23
248,Christopher,Wright,12/5/76,Employee,12848.87,0,false,christopherwright,Fun!23
249,Jessica,Moore,2/9/63,Employee,4823.37,0,true,jessicamoore,Fun!23
490,Jose,Evans,10/2/62,Employee,5219.77,0,true,joseevans,Fun!23
491,Jessica,Anderson,11/6/61,Employee,6078.68,0,false,jessicaanderson,Fun!23
250,Alejandra,Morris,10/3/13,Employee,10529.39,0,false,alejandramorris,Fun!23
492,Joe,Cochran,4/20/77,Employee,2296.29,0,true,joecochran,Fun!23
251,Darin,Porter,4/28/05,Employee,10517.57,0,false,darinporter,Fun!23
493,Michael,Robinson,3/4/61,Employee,13337.68,0,false,michaelrobinson,Fun!23
494,Matthew,Porter,2/2/60,Employee,8456.75,0,true,matthewporter,Fun!23
252,Alexis,Ford,2/21/94,Employee,5153.9,0,true,alexisford,Fun!23
495,Angel,Barber,12/5/08,Employee,4573.92,0,true,angelbarber,Fun!23
253,Barbara,Robertson,5/29/53,Employee,8988.0,0,true,barbararobertson,Fun!23
496,Darlene,Shaw,1/26/10,Employee,13364.16,0,false,darleneshaw,Fun!23
254,David,Wright,2/27/69,Employee,6101.96,0,false,davidwright,Fun!23
255,Jessica,Martin,12/29/29,Employee,7449.28,0,true,jessicamartin,Fun!23
497,Gabriel,Hansen,1/20/34,Employee,11239.2,0,false,gabrielhansen,Fun!23
256,Brooke,Padilla,9/24/40,Employee,7853.75,0,true,brookepadilla,Fun!23
498,Brittany,Nielsen,1/7/60,Employee,9452.38,0,false,brittanynielsen,Fun!23
257,Susan,Humphrey,2/16/23,Employee,13515.0,0,false,susanhumphrey,Fun!23
499,Jessica,Frye,4/1/69,Employee,2705.21,0,false,jessicafrye,Fun!23
258,Robert,Wu,5/25/32,Employee,13107.96,0,false,robertwu,Fun!23
259,Karen,Thomas,11/29/33,Employee,3035.46,0,false,karenthomas,Fun!23
260,Chris,Holden,3/11/71,Employee,7147.39,0,false,chrisholden,Fun!23
261,Matthew,Erickson,11/23/07,Employee,6206.06,0,true,matthewerickson,Fun!23
262,Leroy,Walters,9/30/99,Employee,13434.04,0,true,leroywalters,Fun!23
263,Brian,Castillo,4/10/32,Employee,12927.92,0,false,briancastillo,Fun!23
264,James,Romero,9/26/28,Employee,14942.97,0,false,jamesromero,Fun!23
265,Karen,Zhang,2/26/12,Employee,10686.23,0,true,karenzhang,Fun!23
266,David,Thomas,12/9/33,Employee,13013.7,0,true,davidthomas,Fun!23
267,William,Hunter,11/7/41,Employee,4879.44,0,false,williamhunter,Fun!23
268,Craig,Schaefer,11/7/19,Employee,13442.45,0,true,craigschaefer,Fun!23
269,Michelle,Jones,5/4/57,Employee,4495.34,0,true,michellejones,Fun!23
270,Angelica,Bruce,4/17/72,Employee,12145.76,0,true,angelicabruce,Fun!23
271,Susan,Allen,3/21/92,Employee,7495.25,0,true,susanallen,Fun!23
272,Tanya,Davis,11/30/09,Employee,11584.88,0,false,tanyadavis,Fun!23
273,Mark,Richards,4/28/87,Employee,6743.73,0,false,markrichards,Fun!23
274,Shannon,Bennett,3/18/13,Employee,9289.35,0,true,shannonbennett,Fun!23
275,Robert,Davis,8/25/63,Employee,10762.35,0,true,robertdavis,Fun!23
276,Allison,Chang,11/21/81,Employee,7506.48,0,true,allisonchang,Fun!23
277,Michael,Williams,7/14/66,Employee,13199.08,0,false,michaelwilliams,Fun!23
278,Susan,Garcia,8/11/03,Employee,5108.06,0,true,susangarcia,Fun!23
279,Mario,Walker,6/2/91,Employee,10366.24,0,false,mariowalker,Fun!23
280,Mary,Church,1/31/53,Employee,8012.52,0,true,marychurch,Fun!23
281,Gregory,Sullivan,2/6/45,Employee,12607.08,0,true,gregorysullivan,Fun!23
282,Lauren,Hall,11/18/29,Employee,3539.02,0,true,laurenhall,Fun!23
283,Dawn,King,8/8/30,Employee,4303.58,0,true,dawnking,Fun!23
284,Daniel,Romero,12/27/16,Employee,6206.15,0,true,danielromero,Fun!23
285,Jacqueline,Dunn,6/15/54,Employee,14143.63,0,false,jacquelinedunn,Fun!23
286,Chris,King,5/20/61,Employee,4908.84,0,false,chrisking,Fun!23
287,Tammy,Martinez,11/24/97,Employee,10938.84,0,false,tammymartinez,Fun!23
288,Dustin,Oliver,5/1/18,Employee,5531.93,0,true,dustinoliver,Fun!23
289,Nicole,Harvey,1/14/93,Employee,3825.29,0,true,nicoleharvey,Fun!23
290,Matthew,Perez,8/23/70,Employee,4896.0,0,false,matthewperez,Fun!23
291,Kristy,Hoover,4/1/59,Employee,6408.05,0,false,kristyhoover,Fun!23
292,Mary,Cruz,6/22/23,Employee,2093.36,0,true,marycruz,Fun!23
293,Alexandra,Robinson,2/10/77,Employee,12522.73,0,false,alexandrarobinson,Fun!23
294,Tami,Alexander,2/13/62,Employee,6753.99,0,false,tamialexander,Fun!23
295,Susan,Davis,10/5/12,Employee,9520.93,0,true,susandavis,Fun!23
296,Jeffrey,Luna,3/30/16,Employee,6808.21,0,false,jeffreyluna,Fun!23
297,Adam,Maldonado,9/10/32,Employee,3742.3,0,false,adammaldonado,Fun!23
298,Maria,Mitchell,3/6/11,Employee,4087.0,0,true,mariamitchell,Fun!23
299,Stephen,Villegas,2/1/88,Employee,2366.37,0,true,stephenvillegas,Fun!23
900,Andre,Ramos,5/29/25,Employee,6374.36,0,false,andreramos,Fun!23
901,Emily,Chang,12/10/64,Employee,2295.56,0,true,emilychang,Fun!23
902,Penny,Mcdaniel,8/17/71,Employee,9974.03,0,false,pennymcdaniel,Fun!23
903,Christina,Carter,7/31/48,Employee,10926.94,0,false,christinacarter,Fun!23
904,Jennifer,Huang,9/16/28,Employee,6679.0,0,true,jenniferhuang,Fun!23
905,Melissa,Evans,7/4/41,Employee,11754.95,0,true,melissaevans,Fun!23
906,Rodney,Moss,6/9/80,Employee,4610.38,0,true,rodneymoss,Fun!23
907,Anthony,Kramer,6/28/34,Employee,12633.15,0,true,anthonykramer,Fun!23
908,Carlos,Irwin,7/3/40,Employee,2197.15,0,true,carlosirwin,Fun!23
909,Victoria,Ellis,10/21/11,Employee,12204.76,0,false,victoriaellis,Fun!23
910,Kelly,Wilson,5/20/67,Employee,6831.67,0,true,kellywilson,Fun!23
911,Brendan,Phillips,8/31/29,Employee,2967.64,0,false,brendanphillips,Fun!23
912,Deanna,Cummings,6/5/93,Employee,7340.52,0,false,deannacummings,Fun!23
913,Christopher,Ortega,3/20/97,Employee,10136.49,0,true,christopherortega,Fun!23
914,Amanda,Johnson,5/5/83,Employee,2494.66,0,false,amandajohnson,Fun!23
915,April,Lopez,9/22/13,Employee,11394.97,0,true,aprillopez,Fun!23
916,James,Watson,1/27/65,Employee,4578.94,0,true,jameswatson,Fun!23
917,Kara,Summers,4/24/81,Employee,5786.47,0,true,karasummers,Fun!23
918,Lisa,Jackson,10/16/91,Employee,9409.75,0,true,lisajackson,Fun!23
919,Steven,Miller,3/10/01,Employee,12885.75,0,false,stevenmiller,Fun!23
920,Donald,Villanueva,9/1/52,Employee,6021.49,0,false,donaldvillanueva,Fun!23
921,Gary,Mckenzie,9/3/16,Employee,14289.44,0,false,garymckenzie,Fun!23
922,Gregory,Short,9/4/32,Employee,6724.64,0,true,gregoryshort,Fun!23
923,Dana,Park,9/8/77,Employee,2522.14,0,false,danapark,Fun!23
924,Matthew,Khan,11/3/59,Employee,11254.68,0,false,matthewkhan,Fun!23
925,Erica,Burch,3/6/77,Employee,5650.82,0,true,ericaburch,Fun!23
926,Dalton,Bryant,2/2/00,Employee,14237.58,0,true,daltonbryant,Fun!23
927,Ruth,Ponce,2/19/69,Employee,10460.34,0,true,ruthponce,Fun!23
928,Mary,Grant,2/1/39,Employee,3132.08,0,true,marygrant,Fun!23
929,Sarah,Taylor,2/2/54,Employee,7575.86,0,false,sarahtaylor,Fun!23
930,Jennifer,Schneider,4/6/91,Employee,13425.29,0,true,jenniferschneider,Fun!23
931,Tyler,Evans,9/12/01,Employee,3265.38,0,true,tylerevans,Fun!23
932,David,Hayes,5/26/90,Employee,12075.06,0,false,davidhayes,Fun!23
933,Kimberly,Miller,11/24/30,Employee,9813.02,0,false,kimberlymiller,Fun!23
934,Dennis,Cooper,9/26/93,Employee,5636.6,0,false,denniscooper,Fun!23
935,Phillip,Richardson,3/12/36,Employee,2987.85,0,true,philliprichardson,Fun!23
936,Sharon,Gillespie,4/10/69,Employee,8689.54,0,false,sharongillespie,Fun!23
937,Denise,Johnson,12/11/40,Employee,12672.82,0,false,denisejohnson,Fun!23
938,Kylie,King,9/10/46,Employee,7861.32,0,false,kylieking,Fun!23
939,Carol,Elliott,3/8/44,Employee,6270.47,0,false,carolelliott,Fun!23
940,Elizabeth,Rodriguez,9/20/88,Employee,8093.76,0,false,elizabethrodriguez,Fun!23
941,Ana,Andrade,11/28/61,Employee,3907.86,0,false,anaandrade,Fun!23
700,Julia,Young,6/28/28,Employee,8571.27,0,false,juliayoung,Fun!23
942,Sharon,Castillo,5/14/91,Employee,4726.16,0,false,sharoncastillo,Fun!23
943,Paul,Herman,10/27/03,Employee,5201.29,0,false,paulherman,Fun!23
701,John,Blair,3/1/85,Employee,5123.18,0,true,johnblair,Fun!23
944,Amber,Conley,12/7/05,Employee,13882.93,0,false,amberconley,Fun!23
702,John,Hill,5/22/82,Employee,11976.45,0,false,johnhill,Fun!23
945,Suzanne,Kennedy,7/4/58,Employee,5400.21,0,false,suzannekennedy,Fun!23
703,Wesley,Williamson,5/17/91,Employee,2988.23,0,false,wesleywilliamson,Fun!23
946,Brett,Mathis,5/7/41,Employee,4892.18,0,true,brettmathis,Fun!23
704,Christopher,Davis,3/21/96,Employee,14217.17,0,false,christopherdavis,Fun!23
705,Leonard,King,9/16/19,Employee,3339.07,0,true,leonardking,Fun!23
947,Ashley,Frye,2/21/37,Employee,5586.23,0,false,ashleyfrye,Fun!23
706,Gary,Smith,2/23/63,Employee,4740.44,0,false,garysmith,Fun!23
948,Ronald,Martinez,1/12/99,Employee,12600.32,0,false,ronaldmartinez,Fun!23
949,Daniel,Summers,3/8/29,Employee,14119.39,0,true,danielsummers,Fun!23
707,Thomas,Sanders,4/21/46,Employee,3070.6,0,false,thomassanders,Fun!23
708,John,Davis,5/3/61,Employee,10715.07,0,false,johndavis,Fun!23
709,Thomas,Hall,5/11/25,Employee,8394.35,0,false,thomashall,Fun!23
950,Robert,Wang,4/20/48,Employee,10716.66,0,true,robertwang,Fun!23
951,Katherine,Mcdonald,6/22/03,Employee,11694.47,0,true,katherinemcdonald,Fun!23
710,Douglas,Hernandez,10/27/23,Employee,6676.97,0,false,douglashernandez,Fun!23
952,Mitchell,Gross,12/26/41,Employee,13793.01,0,true,mitchellgross,Fun!23
711,Miranda,Mason,6/25/51,Employee,12638.55,0,false,mirandamason,Fun!23
953,Darrell,Jones,9/4/65,Employee,14469.16,0,false,darrelljones,Fun!23
712,Teresa,Stewart,12/12/17,Employee,2105.25,0,true,teresastewart,Fun!23
954,Jennifer,Hernandez,12/24/88,Employee,10047.99,0,true,jenniferhernandez,Fun!23
955,Amy,Hall,7/21/65,Employee,7397.78,0,false,amyhall,Fun!23
713,Anthony,Adams,10/25/73,Employee,2189.06,0,false,anthonyadams,Fun!23
714,Timothy,Jones,4/21/57,Employee,3251.97,0,true,timothyjones,Fun!23
956,Ryan,Washington,11/29/60,Employee,4965.37,0,true,ryanwashington,Fun!23
957,Robert,Flores,7/29/88,Employee,3041.18,0,false,robertflores,Fun!23
715,Jermaine,Dean,6/17/93,Employee,14003.66,0,false,jermainedean,Fun!23
716,Joshua,Banks,1/3/04,Employee,3030.01,0,false,joshuabanks,Fun!23
958,Becky,Simpson,2/24/94,Employee,8403.3,0,false,beckysimpson,Fun!23
717,Daniel,Smith,7/31/31,Employee,4528.68,0,false,danielsmith,Fun!23
959,Alexandra,Cook,9/19/55,Employee,13799.16,0,false,alexandracook,Fun!23
718,Victor,Harris,5/20/26,Employee,9693.39,0,true,victorharris,Fun!23
719,Phillip,Meyer,12/31/34,Employee,5872.68,0,true,phillipmeyer,Fun!23
960,Miranda,Walker,12/26/96,Employee,4328.82,0,false,mirandawalker,Fun!23
961,Ashley,Morales,7/29/53,Employee,8711.61,0,true,ashleymorales,Fun!23
720,Cody,Robles,12/1/02,Employee,2919.75,0,false,codyrobles,Fun!23
962,Vincent,Harrison,7/14/33,Employee,4018.03,0,false,vincentharrison,Fun!23
963,Christopher,Berry,6/29/13,Employee,11750.51,0,false,christopherberry,Fun!23
721,Carmen,Hays,1/23/85,Employee,8715.44,0,false,carmenhays,Fun!23
722,Jorge,Haley,2/1/30,Employee,9448.61,0,false,jorgehaley,Fun!23
964,Roger,Casey,5/1/90,Employee,10597.95,0,false,rogercasey,Fun!23
965,James,Simmons,7/1/55,Employee,2516.31,0,true,jamessimmons,Fun!23
723,Sean,Hernandez,8/18/83,Employee,11715.29,0,true,seanhernandez,Fun!23
724,Kelly,Jordan,1/4/24,Employee,6779.65,0,true,kellyjordan,Fun!23
966,Mary,Anderson,10/17/60,Employee,3908.45,0,false,maryanderson,Fun!23
725,Joshua,Hickman,1/5/24,Employee,13684.53,0,false,joshuahickman,Fun!23
967,Andrea,Riley,1/4/42,Employee,9725.48,0,true,andreariley,Fun!23
726,Jennifer,Guzman,6/13/02,Employee,3385.68,0,true,jenniferguzman,Fun!23
968,Krista,Beck,6/29/55,Employee,8127.69,0,false,kristabeck,Fun!23
969,Amy,Fuller,3/16/41,Employee,5689.63,0,true,amyfuller,Fun!23
727,Nathan,Thompson,7/17/47,Employee,3671.34,0,true,nathanthompson,Fun!23
728,William,Adkins,12/24/00,Employee,6833.06,0,false,williamadkins,Fun!23
729,Willie,Hobbs,3/7/08,Employee,10310.26,0,true,williehobbs,Fun!23
970,Jeremy,Rocha,10/12/78,Employee,8190.83,0,false,jeremyrocha,Fun!23
971,Tammy,Waters,3/23/13,Employee,14426.84,0,false,tammywaters,Fun!23
972,Douglas,Mckay,11/6/11,Employee,10180.97,0,true,douglasmckay,Fun!23
730,Holly,Cruz,7/4/15,Employee,8843.47,0,false,hollycruz,Fun!23
973,Terrence,Dixon,9/9/01,Employee,8436.37,0,false,terrencedixon,Fun!23
731,John,Jones,3/17/31,Employee,5201.61,0,true,johnjones,Fun!23
974,John,Hansen,10/25/45,Employee,8242.49,0,false,johnhansen,Fun!23
732,Allison,Weaver,10/26/90,Employee,12837.89,0,true,allisonweaver,Fun!23
975,Jerry,Rodriguez,8/27/68,Employee,2862.93,0,true,jerryrodriguez,Fun!23
733,Michael,Nunez,2/11/99,Employee,9090.46,0,false,michaelnunez,Fun!23
976,Donald,Ramirez,10/14/51,Employee,3077.18,0,false,donaldramirez,Fun!23
734,Douglas,Bryant,9/30/55,Employee,6099.5,0,false,douglasbryant,Fun!23
735,Christopher,Underwood,9/18/08,Employee,9269.37,0,false,christopherunderwood,Fun!23
977,Stephanie,Perry,8/22/61,Employee,7010.95,0,false,stephanieperry,Fun!23
736,Kimberly,Roberts,10/11/01,Employee,12478.6,0,true,kimberlyroberts,Fun!23
978,Samuel,Burton,6/19/45,Employee,14345.78,0,true,samuelburton,Fun!23
737,Michael,Cowan,6/28/98,Employee,5814.98,0,true,michaelcowan,Fun!23
979,Anthony,Byrd,11/24/98,Employee,10594.1,0,false,anthonybyrd,Fun!23
738,Michael,Mccormick,12/25/25,Employee,7903.91,0,true,michaelmccormick,Fun!23
739,Jennifer,Bailey,11/5/77,Employee,6250.92,0,true,jenniferbailey,Fun!23
980,Marissa,Henry,7/29/98,Employee,11745.31,0,false,marissahenry,Fun!23
981,Mariah,Black,12/18/50,Employee,14285.82,0,true,mariahblack,Fun!23
740,Jerry,Gamble,7/22/41,Employee,13951.78,0,false,jerrygamble,Fun!23
982,Sara,West,10/20/47,Employee,9421.82,0,false,sarawest,Fun!23
983,Jennifer,Preston,11/26/08,Employee,4412.19,0,false,jenniferpreston,Fun!23
741,Henry,Salazar,9/12/53,Employee,11642.02,0,false,henrysalazar,Fun!23
500,Bruce,Clark,5/11/17,Employee,8986.5,0,false,bruceclark,Fun!23
742,Kevin,Boone,4/27/53,Employee,3620.32,0,false,kevinboone,Fun!23
984,Monica,Sullivan,9/23/74,Employee,2799.79,0,false,monicasullivan,Fun!23
743,Rodney,Mcneil,2/11/03,Employee,14969.36,0,false,rodneymcneil,Fun!23
501,Justin,Davis,2/20/17,Employee,5937.48,0,true,justindavis,Fun!23
985,Luis,Solomon,4/16/80,Employee,2916.7,0,true,luissolomon,Fun!23
744,Angela,Carney,1/26/29,Employee,3467.53,0,false,angelacarney,Fun!23
502,Louis,Boone,7/1/43,Employee,12178.86,0,true,louisboone,Fun!23
986,Michael,Johnson,2/6/00,Employee,6709.48,0,false,michaeljohnson,Fun!23
745,Dennis,Smith,3/28/04,Employee,9084.32,0,true,dennissmith,Fun!23
987,Stacy,Maldonado,4/30/55,Employee,5423.13,0,true,stacymaldonado,Fun!23
503,Amy,Mcpherson,11/30/72,Employee,4761.63,0,true,amymcpherson,Fun!23
504,Debra,Blackwell,12/22/74,Employee,2224.25,0,true,debrablackwell,Fun!23
988,Carmen,Petersen,6/7/85,Employee,3374.1,0,true,carmenpetersen,Fun!23
746,Jared,Scott,12/2/92,Employee,11026.02,0,true,jaredscott,Fun!23
747,Monica,Craig,8/31/16,Employee,9054.41,0,false,monicacraig,Fun!23
989,Zachary,Campbell,4/9/48,Employee,12281.4,0,false,zacharycampbell,Fun!23
505,Angela,Lang,3/27/82,Employee,2124.72,0,false,angelalang,Fun!23
506,Danielle,Dorsey,1/11/16,Employee,6709.54,0,true,danielledorsey,Fun!23
748,Sandy,Blackwell,6/28/41,Employee,12326.19,0,false,sandyblackwell,Fun!23
507,Hannah,Maldonado,5/25/10,Employee,4646.32,0,false,hannahmaldonado,Fun!23
749,Brittney,Daniel,9/9/65,Employee,7337.0,0,true,brittneydaniel,Fun!23
508,Michaela,Miranda,7/24/51,Employee,6873.02,0,false,michaelamiranda,Fun!23
509,Tami,Weaver,6/7/27,Employee,3078.42,0,false,tamiweaver,Fun!23
990,Timothy,Greene,7/31/22,Employee,14385.64,0,false,timothygreene,Fun!23
991,Emily,Jackson,7/8/86,Employee,10027.13,0,false,emilyjackson,Fun!23
750,Rebecca,Fisher,10/5/54,Employee,6843.56,0,false,rebeccafisher,Fun!23
992,Paul,Salas,4/22/63,Employee,4876.83,0,false,paulsalas,Fun!23
751,Nicole,Hart,1/4/53,Employee,9882.8,0,true,nicolehart,Fun!23
993,Danielle,Conrad,10/10/82,Employee,7196.27,0,false,danielleconrad,Fun!23
752,Howard,Davenport,1/5/13,Employee,9331.85,0,true,howarddavenport,Fun!23
510,Edward,Jackson,6/13/37,Employee,10463.89,0,false,edwardjackson,Fun!23
994,Robert,Kennedy,4/16/99,Employee,10766.85,0,true,robertkennedy,Fun!23
753,Anita,Fletcher,2/25/26,Employee,2234.58,0,false,anitafletcher,Fun!23
511,Steven,Hernandez,6/21/27,Employee,11784.04,0,true,stevenhernandez,Fun!23
995,Diana,Rivera,6/5/47,Employee,9157.16,0,true,dianarivera,Fun!23
754,Elizabeth,Torres,6/29/22,Employee,7293.63,0,true,elizabethtorres,Fun!23
996,Shawn,Santos,3/30/23,Employee,14755.4,0,false,shawnsantos,Fun!23
512,Mary,Chapman,2/5/64,Employee,4434.1,0,true,marychapman,Fun!23
997,Jamie,Brown,4/21/55,Employee,14693.66,0,false,jamiebrown,Fun!23
755,Jeffrey,Rodriguez,11/30/56,Employee,11005.27,0,true,jeffreyrodriguez,Fun!23
513,Colleen,Torres,8/21/99,Employee,12194.42,0,true,colleentorres,Fun!23
998,Elizabeth,Medina,2/18/28,Employee,10980.88,0,false,elizabethmedina,Fun!23
756,Megan,Smith,11/28/32,Employee,6501.34,0,false,megansmith,Fun!23
514,Jennifer,Mills,3/28/37,Employee,13864.12,0,false,jennifermills,Fun!23
515,Wendy,Campos,11/8/40,Employee,4810.5,0,true,wendycampos,Fun!23
999,Kimberly,Mejia,9/19/54,Employee,3653.25,0,true,kimberlymejia,Fun!23
757,David,Summers,12/4/66,Employee,4185.87,0,true,davidsummers,Fun!23
758,Brian,Rojas,5/26/38,Employee,2479.03,0,false,brianrojas,Fun!23
516,Bobby,Bennett,8/29/93,Employee,6470.59,0,true,bobbybennett,Fun!23
759,Jennifer,Carr,7/1/50,Employee,3032.48,0,false,jennifercarr,Fun!23
517,Michael,Adams,11/22/77,Employee,13805.02,0,true,michaeladams,Fun!23
518,Jamie,Conner,9/5/14,Employee,10170.73,0,false,jamieconner,Fun!23
519,Christopher,Sanford,3/21/79,Employee,2012.65,0,true,christophersanford,Fun!23
760,Tiffany,Jones,11/28/87,Employee,10773.28,0,true,tiffanyjones,Fun!23
761,Catherine,Mann,3/12/37,Employee,9675.57,0,true,catherinemann,Fun!23
520,Margaret,Smith,7/7/43,Employee,10427.19,0,false,margaretsmith,Fun!23
762,Sara,Fox,5/27/66,Employee,7106.08,0,true,sarafox,Fun!23
521,Michael,Morton,10/31/05,Employee,4944.99,0,false,michaelmorton,Fun!23
763,Jeremy,Foster,5/15/69,Employee,5536.0,0,true,jeremyfoster,Fun!23
522,Noah,Horne,1/21/80,Employee,8191.73,0,true,noahhorne,Fun!23
764,Michael,Flores,3/23/99,Employee,9965.37,0,true,michaelflores,Fun!23
765,William,Rice,1/20/53,Employee,12322.07,0,false,williamrice,Fun!23
523,Kim,Contreras,10/12/70,Employee,4356.71,0,true,kimcontreras,Fun!23
766,Rachel,Hart,1/6/34,Employee,6826.08,0,false,rachelhart,Fun!23
524,Tiffany,Davis,10/1/99,Employee,14737.0,0,false,tiffanydavis,Fun!23
767,Richard,Sullivan,5/21/16,Employee,10680.67,0,false,richardsullivan,Fun!23
525,Victoria,Moses,9/19/19,Employee,7275.92,0,false,victoriamoses,Fun!23
768,Jennifer,Evans,2/25/34,Employee,4154.89,0,true,jenniferevans,Fun!23
526,Robin,Watson,6/5/67,Employee,11888.88,0,true,robinwatson,Fun!23
769,Brandy,Wilkerson,4/24/56,Employee,5277.62,0,true,brandywilkerson,Fun!23
527,Christopher,Melendez,12/16/92,Employee,11875.5,0,true,christophermelendez,Fun!23
528,Nancy,Robles,9/3/04,Employee,14507.61,0,true,nancyrobles,Fun!23
529,Kaylee,Hale,9/27/36,Employee,10617.69,0,true,kayleehale,Fun!23
770,Laurie,Mendoza,1/20/83,Employee,5549.12,0,true,lauriemendoza,Fun!23
771,Michelle,Ray,1/2/19,Employee,9664.68,0,true,michelleray,Fun!23
772,Alexis,Black,7/27/56,Employee,13249.79,0,true,alexisblack,Fun!23
530,Ryan,Brown,2/20/83,Employee,9544.51,0,true,ryanbrown,Fun!23
531,Grace,Kelley,6/24/42,Employee,10386.03,0,true,gracekelley,Fun!23
773,Sean,Smith,12/3/98,Employee,3054.44,0,true,seansmith,Fun!23
532,Alexander,Carter,3/30/73,Employee,14188.67,0,true,alexandercarter,Fun!23
774,Elizabeth,Dominguez,11/11/88,Employee,13980.56,0,true,elizabethdominguez,Fun!23
533,Dennis,Reynolds,8/13/25,Employee,4885.82,0,true,dennisreynolds,Fun!23
775,Lori,Johnson,10/21/61,Employee,13259.01,0,false,lorijohnson,Fun!23
534,Jenna,Chase,5/5/56,Employee,9043.32,0,true,jennachase,Fun!23
776,Bryan,Fields,1/23/72,Employee,7227.72,0,false,bryanfields,Fun!23
535,Michelle,Pruitt,5/18/03,Employee,2202.92,0,false,michellepruitt,Fun!23
777,Michael,Thomas,9/8/16,Employee,7626.74,0,true,michaelthomas,Fun!23
536,Sherri,Velasquez,3/7/37,Employee,14599.85,0,false,sherrivelasquez,Fun!23
778,Craig,Brown,2/25/83,Employee,5766.16,0,false,craigbrown,Fun!23
779,Sabrina,Nguyen,5/24/37,Employee,6633.58,0,true,sabrinanguyen,Fun!23
537,Darlene,Russell,10/20/75,Employee,13257.38,0,false,darlenerussell,Fun!23
538,Jessica,Olsen,10/25/28,Employee,12279.81,0,false,jessicaolsen,Fun!23
539,Lisa,Robinson,9/8/43,Employee,6703.26,0,true,lisarobinson,Fun!23
780,Hayden,Mcdaniel,10/9/02,Employee,3276.08,0,true,haydenmcdaniel,Fun!23
781,Michelle,Rivera,11/20/34,Employee,5956.34,0,true,michellerivera,Fun!23
540,Michael,Martinez,10/15/17,Employee,13615.0,0,true,michaelmartinez,Fun!23
782,Alexandra,Simpson,5/3/97,Employee,10258.83,0,false,alexandrasimpson,Fun!23
541,Richard,Edwards,9/25/39,Employee,11254.25,0,false,richardedwards,Fun!23
783,Richard,Paul,11/22/40,Employee,10962.7,0,false,richardpaul,Fun!23
300,Ryan,Mcconnell,6/28/18,Employee,6127.08,0,true,ryanmcconnell,Fun!23
542,Amy,Chase,5/25/42,Employee,13189.11,0,true,amychase,Fun!23
784,Keith,Christensen,8/20/96,Employee,8397.84,0,false,keithchristensen,Fun!23
301,Theresa,Macias,8/27/00,Employee,4867.44,0,false,theresamacias,Fun!23
785,Patrick,Bennett,5/4/69,Employee,4204.58,0,false,patrickbennett,Fun!23
543,Amanda,Vang,11/19/89,Employee,2524.97,0,false,amandavang,Fun!23
544,Angela,Walker,2/13/34,Employee,8548.44,0,true,angelawalker,Fun!23
786,Patricia,Mcdonald,11/9/62,Employee,11368.29,0,false,patriciamcdonald,Fun!23
302,Lance,Dominguez,11/4/97,Employee,7775.14,0,false,lancedominguez,Fun!23
303,Bradley,Rodriguez,3/7/35,Employee,5049.16,0,false,bradleyrodriguez,Fun!23
545,Kylie,Summers,5/27/40,Employee,3230.59,0,true,kyliesummers,Fun!23
787,Tracy,Fitzgerald,12/2/43,Employee,6291.76,0,true,tracyfitzgerald,Fun!23
304,Gloria,Page,6/5/00,Employee,2526.31,0,false,gloriapage,Fun!23
546,Brandy,Valenzuela,9/26/59,Employee,7637.01,0,false,brandyvalenzuela,Fun!23
788,Kathy,Smith,1/9/66,Employee,3542.04,0,false,kathysmith,Fun!23
305,Jasmine,Ramirez,4/30/39,Employee,2140.93,0,true,jasmineramirez,Fun!23
547,Courtney,Tran,6/25/39,Employee,3855.17,0,true,courtneytran,Fun!23
789,Teresa,Taylor,10/7/57,Employee,7852.52,0,false,teresataylor,Fun!23
548,Ryan,Bowman,12/27/46,Employee,9568.99,0,false,ryanbowman,Fun!23
306,David,Mills,5/11/78,Employee,3320.16,0,true,davidmills,Fun!23
307,Elizabeth,Kim,6/2/95,Employee,7049.84,0,false,elizabethkim,Fun!23
549,Kathleen,Hines,12/16/00,Employee,4418.3,0,false,kathleenhines,Fun!23
308,Laura,Smith,6/17/27,Employee,14781.4,0,true,laurasmith,Fun!23
309,Amy,Bradley,7/8/24,Employee,4945.51,0,true,amybradley,Fun!23
790,Hector,Whitney,8/28/27,Employee,13620.04,0,true,hectorwhitney,Fun!23
791,Timothy,Johnson,2/28/64,Employee,3934.51,0,false,timothyjohnson,Fun!23
792,Alyssa,Kelly,3/13/48,Employee,3975.91,0,false,alyssakelly,Fun!23
550,Ryan,Sullivan,9/24/54,Employee,7008.8,0,true,ryansullivan,Fun!23
793,Colleen,Hall,8/3/25,Employee,14247.2,0,true,colleenhall,Fun!23
551,Kimberly,Johnson,5/26/34,Employee,6140.38,0,false,kimberlyjohnson,Fun!23
794,Erin,Jones,6/15/42,Employee,14811.08,0,false,erinjones,Fun!23
552,Kelly,Harris,11/25/50,Employee,4729.99,0,true,kellyharris,Fun!23
310,Denise,Morales,4/30/74,Employee,8742.54,0,false,denisemorales,Fun!23
311,Marissa,Oconnell,12/31/24,Employee,9561.55,0,false,marissaoconnell,Fun!23
795,Mark,Stewart,12/8/58,Employee,4651.9,0,true,markstewart,Fun!23
553,William,Evans,2/9/99,Employee,3723.87,0,true,williamevans,Fun!23
554,Dakota,Harper,12/18/55,Employee,7887.54,0,false,dakotaharper,Fun!23
796,Debra,Raymond,6/22/71,Employee,2411.2,0,false,debraraymond,Fun!23
312,Gregory,Maxwell,11/28/80,Employee,12147.58,0,false,gregorymaxwell,Fun!23
797,Erin,Mejia,5/1/04,Employee,9233.21,0,false,erinmejia,Fun!23
555,Martha,Perry,3/9/46,Employee,12269.4,0,false,marthaperry,Fun!23
313,Jenny,Henry,3/20/84,Employee,4732.04,0,false,jennyhenry,Fun!23
556,Brittany,Weaver,4/13/17,Employee,12829.88,0,true,brittanyweaver,Fun!23
798,Micheal,Sanders,7/11/61,Employee,3891.93,0,false,michealsanders,Fun!23
314,Matthew,Campbell,7/18/92,Employee,2360.58,0,false,matthewcampbell,Fun!23
315,Lisa,Gaines,3/18/02,Employee,10253.32,0,false,lisagaines,Fun!23
799,Stephanie,Obrien,4/6/22,Employee,10275.26,0,true,stephanieobrien,Fun!23
557,Rodney,Berg,11/9/80,Employee,14937.0,0,false,rodneyberg,Fun!23
558,Heidi,Page,6/1/02,Employee,12804.51,0,true,heidipage,Fun!23
316,Jonathan,Christian,1/11/35,Employee,7970.58,0,false,jonathanchristian,Fun!23
559,Bobby,Gonzales,9/13/32,Employee,6419.77,0,true,bobbygonzales,Fun!23
317,Brenda,Douglas,6/12/68,Employee,8860.32,0,false,brendadouglas,Fun!23
318,Rachel,Phillips,4/16/91,Employee,11736.32,0,false,rachelphillips,Fun!23
319,Jade,Crawford,11/25/80,Employee,9906.56,0,true,jadecrawford,Fun!23
560,Jake,Mitchell,4/5/43,Employee,3299.31,0,true,jakemitchell,Fun!23
561,Gerald,Beltran,2/11/96,Employee,11915.49,0,true,geraldbeltran,Fun!23
562,Joel,Welch,6/22/07,Employee,5370.55,0,true,joelwelch,Fun!23
320,Brian,Jacobson,8/23/52,Employee,10775.93,0,false,brianjacobson,Fun!23
321,Francisco,Moore,12/31/59,Employee,3653.18,0,false,franciscomoore,Fun!23
563,Diana,Matthews,2/23/81,Employee,14887.71,0,false,dianamatthews,Fun!23
322,Kathleen,Small,11/23/39,Employee,12599.1,0,false,kathleensmall,Fun!23
564,Christopher,Johnson,1/24/78,Employee,4200.37,0,true,christopherjohnson,Fun!23
565,Ricky,Gardner,1/25/00,Employee,12484.89,0,false,rickygardner,Fun!23
323,Lindsay,Webster,4/3/66,Employee,7364.79,0,true,lindsaywebster,Fun!23
324,Michelle,Ortiz,12/13/86,Employee,9244.17,0,false,michelleortiz,Fun!23
566,Corey,Wilson,12/16/86,Employee,11598.68,0,true,coreywilson,Fun!23
567,Barbara,Lane,8/9/78,Employee,7359.32,0,false,barbaralane,Fun!23
325,Cheryl,Wilson,4/4/98,Employee,8405.34,0,true,cherylwilson,Fun!23
326,Melissa,Rivera,3/23/29,Employee,2526.9,0,true,melissarivera,Fun!23
568,Dylan,Lopez,2/14/58,Employee,8503.64,0,false,dylanlopez,Fun!23
327,Bryan,Hardy,10/22/02,Employee,12293.88,0,false,bryanhardy,Fun!23
569,Martin,Edwards,5/19/91,Employee,12072.83,0,false,martinedwards,Fun!23
328,Jason,Wolfe,2/7/54,Employee,12597.39,0,true,jasonwolfe,Fun!23
329,Stacey,Paul,2/26/71,Employee,12306.44,0,true,staceypaul,Fun!23
570,Misty,Jimenez,8/24/10,Employee,13249.93,0,true,mistyjimenez,Fun!23
571,Chris,Jones,11/20/98,Employee,9542.92,0,true,chrisjones,Fun!23
572,Robert,Leblanc,5/20/25,Employee,13430.28,0,true,robertleblanc,Fun!23
330,Crystal,Johnson,2/16/74,Employee,5226.0,0,true,crystaljohnson,Fun!23
573,Brandon,Dillon,8/4/25,Employee,13941.5,0,true,brandondillon,Fun!23
331,Jordan,Wilson,10/30/82,Employee,10716.12,0,false,jordanwilson,Fun!23
332,Amanda,Shepherd,2/3/53,Employee,11419.31,0,true,amandashepherd,Fun!23
574,Chad,Clark,6/21/79,Employee,8274.09,0,false,chadclark,Fun!23
333,Alexander,Cameron,12/1/33,Employee,3404.0,0,false,alexandercameron,Fun!23
575,Danielle,Gardner,1/18/49,Employee,14771.19,0,false,daniellegardner,Fun!23
576,Bradley,Bell,11/19/32,Employee,4432.49,0,false,bradleybell,Fun!23
334,Kevin,Scott,2/9/85,Employee,11661.71,0,false,kevinscott,Fun!23
577,Christopher,Craig,1/30/36,Employee,7683.08,0,true,christophercraig,Fun!23
335,Kyle,Taylor,10/6/98,Employee,5623.92,0,false,kyletaylor,Fun!23
578,Jamie,Hernandez,4/1/53,Employee,9111.15,0,true,jamiehernandez,Fun!23
336,Kimberly,Garcia,6/1/79,Employee,8584.42,0,false,kimberlygarcia,Fun!23
579,David,Costa,11/20/07,Employee,5741.56,0,true,davidcosta,Fun!23
337,Chelsea,Porter,4/3/40,Employee,10973.59,0,false,chelseaporter,Fun!23
338,Emma,Armstrong,5/10/00,Employee,7916.14,0,true,emmaarmstrong,Fun!23
339,Courtney,Johnson,4/14/74,Employee,9582.75,0,false,courtneyjohnson,Fun!23
580,Theresa,Clark,4/27/30,Employee,6613.62,0,false,theresaclark,Fun!23
581,Cassandra,Cook,6/27/12,Employee,6823.96,0,true,cassandracook,Fun!23
340,Ronald,Kent,7/26/35,Employee,9539.65,0,false,ronaldkent,Fun!23
582,Dana,Jones,7/26/88,Employee,8941.25,0,false,danajones,Fun!23
341,Ricky,Thompson,7/28/52,Employee,8710.22,0,true,rickythompson,Fun!23
583,Phillip,Brown,8/6/69,Employee,6819.73,0,true,phillipbrown,Fun!23
584,Andrew,Torres,9/17/85,Employee,9376.1,0,true,andrewtorres,Fun!23
100,David,Brown,10/26/93,Employee,3459.69,0,true,davidbrown,Fun!23
342,Denise,Williams,8/29/00,Employee,12469.82,0,true,denisewilliams,Fun!23
585,Sheri,Adams,8/20/00,Employee,3921.69,0,false,sheriadams,Fun!23
343,Jeffrey,Sloan,4/24/57,Employee,7623.11,0,false,jeffreysloan,Fun!23
101,Patrick,Henderson,2/13/84,Employee,14041.2,0,false,patrickhenderson,Fun!23
102,Erica,Harrison,6/18/10,Employee,12441.5,0,false,ericaharrison,Fun!23
344,Brian,Hayes,7/19/60,Employee,14549.8,0,false,brianhayes,Fun!23
586,Heather,Little,7/29/85,Employee,4857.02,0,true,heatherlittle,Fun!23
345,Patricia,Glenn,3/29/44,Employee,6885.43,0,false,patriciaglenn,Fun!23
103,Katherine,Evans,11/27/95,Employee,7223.12,0,false,katherineevans,Fun!23
587,James,Morgan,12/12/96,Employee,12824.31,0,false,jamesmorgan,Fun!23
104,Robert,Preston,9/25/10,Employee,11193.69,0,true,robertpreston,Fun!23
588,Cynthia,Powell,12/30/43,Employee,13587.36,0,false,cynthiapowell,Fun!23
346,Caroline,Torres,12/28/86,Employee,4237.83,0,false,carolinetorres,Fun!23
589,Joseph,Macdonald,3/11/03,Employee,4973.31,0,false,josephmacdonald,Fun!23
105,Melissa,Mccormick,6/15/15,Employee,13599.53,0,true,melissamccormick,Fun!23
347,Benjamin,Johnson,11/8/42,Employee,14010.07,0,true,benjaminjohnson,Fun!23
348,Christina,Wheeler,8/27/13,Employee,2295.91,0,true,christinawheeler,Fun!23
106,Austin,Griffin,3/28/00,Employee,14035.99,0,false,austingriffin,Fun!23
349,Valerie,Moore,12/31/00,Employee,12125.01,0,false,valeriemoore,Fun!23
107,Michael,Sanchez,4/23/51,Employee,13717.09,0,true,michaelsanchez,Fun!23
108,Theresa,Obrien,8/28/49,Employee,3548.38,0,false,theresaobrien,Fun!23
109,Chelsea,Gallagher,8/2/29,Employee,2319.2,0,true,chelseagallagher,Fun!23
590,Jeff,Ray,9/4/62,Employee,3915.05,0,true,jeffray,Fun!23
591,Michelle,Ramirez,4/16/61,Employee,4321.48,0,true,michelleramirez,Fun!23
592,Christina,Jones,9/14/49,Employee,4331.26,0,false,christinajones,Fun!23
350,Deborah,Hunt,2/10/78,Employee,4880.7,0,true,deborahhunt,Fun!23
593,Alyssa,Smith,3/1/67,Employee,13761.12,0,false,alyssasmith,Fun!23
351,Sarah,Mosley,6/28/71,Employee,6532.34,0,true,sarahmosley,Fun!23
594,Anthony,Brooks,7/26/15,Employee,4171.79,0,false,anthonybrooks,Fun!23
110,Crystal,Hudson,1/4/32,Employee,13171.75,0,true,crystalhudson,Fun!23
352,Donald,Haynes,11/22/44,Employee,3410.06,0,true,donaldhaynes,Fun!23
353,Lisa,Brown,5/29/09,Employee,10815.25,0,true,lisabrown,Fun!23
111,Travis,Mcdonald,11/7/37,Employee,7042.63,0,false,travismcdonald,Fun!23
595,Anthony,Barber,9/8/91,Employee,4818.24,0,true,anthonybarber,Fun!23
354,Kenneth,Smith,9/25/02,Employee,5932.42,0,true,kennethsmith,Fun!23
596,James,Brennan,3/12/36,Employee,8471.75,0,true,jamesbrennan,Fun!23
112,Logan,Palmer,12/8/78,Employee,4464.01,0,true,loganpalmer,Fun!23
113,Renee,Bradley,12/30/22,Employee,2488.87,0,false,reneebradley,Fun!23
597,Heather,Robbins,10/1/39,Employee,9001.73,0,true,heatherrobbins,Fun!23
355,Heidi,Barker,8/28/62,Employee,6350.22,0,true,heidibarker,Fun!23
356,William,Wolf,1/23/20,Employee,12372.13,0,false,williamwolf,Fun!23
114,Michele,Stevens,6/23/84,Employee,5591.54,0,true,michelestevens,Fun!23
598,Sarah,Anderson,7/21/89,Employee,4316.55,0,false,sarahanderson,Fun!23
115,Kirsten,Robinson,4/14/33,Employee,5913.8,0,true,kirstenrobinson,Fun!23
599,Darin,Baker,12/7/57,Employee,8600.51,0,false,darinbaker,Fun!23
357,Elizabeth,Cordova,2/10/72,Employee,13215.34,0,true,elizabethcordova,Fun!23
116,Douglas,Rodriguez,3/27/38,Employee,10743.49,0,false,douglasrodriguez,Fun!23
358,Christopher,Jones,1/21/66,Employee,9940.18,0,true,christopherjones,Fun!23
359,Robert,Wilson,8/6/30,Employee,12987.33,0,false,robertwilson,Fun!23
117,Christopher,Norris,1/18/64,Employee,10253.57,0,false,christophernorris,Fun!23
118,Crystal,Walker,3/18/65,Employee,2827.19,0,false,crystalwalker,Fun!23
119,Sean,Roberts,12/14/47,Employee,11799.83,0,false,seanroberts,Fun!23
10,Jasmine,Disney,3/22/02,Customer,3426.06,0,true,jasminedisney,Fun!23
11,Aladdin,Disney,11/3/66,Customer,4182.53,0,true,aladdindisney,Fun!23
12,Simba,Disney,3/23/29,Customer,10711.61,0,true,simbadisney,Fun!23
13,Mufassa,Disney,1/24/00,Customer,5870.49,0,true,mufassadisney,Fun!23
14,Aurora,Disney,7/18/62,Customer,13901.06,0,true,auroradisney,Fun!23
15,Peter,Pan,12/26/30,Customer,12861.4,0,true,peterpan,Fun!23
16,Woody,Disney,2/20/91,Customer,8595.5,0,false,woodydisney,Fun!23
17,Buzz,Lightyear,12/2/27,Customer,2813.51,0,true,buzzlightyear,Fun!23
18,Jafar,Aladdin,3/16/28,Customer,12841.85,0,false,jafaraladdin,Fun!23
19,Ursela,Mermaid,1/11/94,Customer,10221.96,0,true,urselamermaid,Fun!23
360,Amber,Brown,11/8/30,Employee,2654.24,0,false,amberbrown,Fun!23
361,Antonio,Brooks,5/25/16,Employee,5880.07,0,false,antoniobrooks,Fun!23
120,Brittany,Hawkins,7/12/08,Employee,13786.13,0,false,brittanyhawkins,Fun!23
362,Dakota,Bender,2/23/87,Employee,4763.71,0,false,dakotabender,Fun!23
363,Kevin,Swanson,9/13/60,Employee,9618.43,0,true,kevinswanson,Fun!23
121,Beverly,Johnson,8/27/86,Employee,8388.86,0,false,beverlyjohnson,Fun!23
364,Christopher,Dominguez,8/17/31,Employee,10057.17,0,true,christopherdominguez,Fun!23
122,Stephen,Ellis,8/8/55,Employee,11722.96,0,true,stephenellis,Fun!23
123,James,King,4/8/22,Employee,8199.77,0,false,jamesking,Fun!23
365,Peggy,Murphy,12/26/85,Employee,4219.37,0,false,peggymurphy,Fun!23
366,Edward,Johnson,11/3/54,Employee,11240.43,0,true,edwardjohnson,Fun!23
124,Pamela,Carter,12/30/94,Employee,11338.55,0,true,pamelacarter,Fun!23
367,Misty,Horton,1/31/46,Employee,2633.71,0,false,mistyhorton,Fun!23
125,Brian,Andrews,10/15/56,Employee,13599.67,0,true,brianandrews,Fun!23
368,Christopher,Foster,3/30/38,Employee,5425.87,0,false,christopherfoster,Fun!23
126,Megan,Noble,12/27/50,Employee,9833.89,0,false,megannoble,Fun!23
127,Monica,Davenport,11/7/63,Employee,6447.5,0,true,monicadavenport,Fun!23
369,Carrie,Bennett,3/26/65,Employee,7339.59,0,true,carriebennett,Fun!23
128,Michelle,Holland,1/29/19,Employee,3573.22,0,false,michelleholland,Fun!23
129,Kyle,Hodges,12/8/73,Employee,3819.83,0,false,kylehodges,Fun!23
20,Beast,Disney,1/18/44,Customer,12315.72,0,true,beastdisney,Fun!23
21,Belle,Disney,10/13/15,Customer,8473.53,0,false,belledisney,Fun!23
22,Cruella,De Vil,12/12/23,Customer,14678.39,0,false,cruellade vil,Fun!23
23,Scar,Lion,5/10/75,Customer,12004.08,0,true,scarlion,Fun!23
24,Simba,King,9/20/97,Customer,14635.92,0,true,simbaking,Fun!23
25,Gaston,Disney,6/12/32,Customer,11332.24,0,true,gastondisney,Fun!23
26,Shere,Khan,2/18/74,Customer,14291.94,0,false,sherekhan,Fun!23
27,Captaiin,Hook,8/18/88,Customer,11295.41,0,false,captaiinhook,Fun!23
28,Kaa,Disney,1/27/43,Customer,2519.67,0,false,kaadisney,Fun!23
29,Evil,Queen,1/1/58,Customer,14810.91,0,true,evilqueen,Fun!23
370,Natasha,Wheeler,5/26/73,Employee,10942.81,0,false,natashawheeler,Fun!23
371,Angel,Joseph,3/20/90,Employee,12558.39,0,true,angeljoseph,Fun!23
372,Daniel,Foster,6/2/05,Employee,9765.82,0,true,danielfoster,Fun!23
130,Paula,Wyatt,6/29/67,Employee,12971.84,0,true,paulawyatt,Fun!23
131,Shane,Miller,3/3/66,Employee,5816.67,0,true,shanemiller,Fun!23
373,Rhonda,Kane,3/12/68,Employee,14705.53,0,true,rhondakane,Fun!23
374,Jeffrey,Gonzalez,9/28/44,Employee,4406.0,0,false,jeffreygonzalez,Fun!23
132,Kimberly,Kline,3/31/92,Employee,3097.06,0,true,kimberlykline,Fun!23
375,Jeremiah,Williamson,6/9/80,Employee,8597.15,0,false,jeremiahwilliamson,Fun!23
133,Hannah,Arias,6/11/85,Employee,8116.03,0,false,hannaharias,Fun!23
134,Daniel,Hampton,11/16/62,Employee,7575.12,0,false,danielhampton,Fun!23
376,Dean,Smith,4/24/71,Employee,11094.57,0,false,deansmith,Fun!23
377,Lisa,Stafford,4/3/18,Employee,9694.42,0,false,lisastafford,Fun!23
135,Jerry,Curtis,9/25/37,Employee,14223.45,0,false,jerrycurtis,Fun!23
378,Travis,Ruiz,6/24/52,Employee,6827.24,0,false,travisruiz,Fun!23
136,Jeffrey,Weiss,2/19/87,Employee,11434.95,0,false,jeffreyweiss,Fun!23
137,Ronald,Parker,1/20/35,Employee,2184.87,0,true,ronaldparker,Fun!23
379,Mary,Stevens,2/24/56,Employee,12369.3,0,true,marystevens,Fun!23
138,Christopher,Coleman,8/19/86,Employee,3925.3,0,true,christophercoleman,Fun!23
139,Thomas,Clark,10/2/77,Employee,14271.86,0,false,thomasclark,Fun!23
30,Pinocchio,Disney,6/25/83,Customer,8113.38,0,false,pinocchiodisney,Fun!23
31,Prince,Eric,7/11/07,Customer,5257.78,0,false,princeeric,Fun!23
32,Quasimodo,Disney,11/12/78,Customer,9453.96,0,true,quasimododisney,Fun!23
33,Hercules,Disney,6/16/18,Customer,5299.83,0,true,herculesdisney,Fun!23
34,Mulan,Disney,2/5/87,Customer,5663.67,0,false,mulandisney,Fun!23
35,Lilo,Disney,8/9/34,Customer,2066.31,0,true,lilodisney,Fun!23
36,Stitch,Disney,5/16/35,Customer,5494.19,0,true,stitchdisney,Fun!23
37,Daniel,Mejia,2/22/84,Employee,11662.76,0,true,danielmejia,Fun!23
38,Ashley,Gilmore,2/3/72,Employee,12929.44,0,true,ashleygilmore,Fun!23
39,Diana,Valles,10/27/05,Employee,2484.87,0,true,dianavalles,Fun!23
380,Shane,Arnold,9/13/72,Employee,7212.73,0,false,shanearnold,Fun!23
381,Teresa,Jacobs,10/24/74,Employee,14119.55,0,true,teresajacobs,Fun!23
140,Ashley,Romero,5/4/24,Employee,11534.0,0,true,ashleyromero,Fun!23
382,Joshua,Meadows,9/21/62,Employee,6152.46,0,true,joshuameadows,Fun!23
383,Thomas,Elliott,1/5/20,Employee,5735.63,0,false,thomaselliott,Fun!23
141,Gail,Parker,12/22/26,Employee,14168.26,0,true,gailparker,Fun!23
142,Sean,Medina,9/4/16,Employee,3110.38,0,true,seanmedina,Fun!23
384,Elizabeth,Alvarez,2/2/61,Employee,8077.6,0,false,elizabethalvarez,Fun!23
143,Edward,Hernandez,11/17/28,Employee,2434.19,0,true,edwardhernandez,Fun!23
385,Alicia,Jenkins,5/7/44,Employee,9249.59,0,true,aliciajenkins,Fun!23
144,Todd,Brooks,7/1/64,Employee,9642.58,0,false,toddbrooks,Fun!23
386,Jacob,Williams,4/27/75,Employee,13896.47,0,true,jacobwilliams,Fun!23
145,Richard,Torres,5/15/49,Employee,7868.78,0,true,richardtorres,Fun!23
387,Michele,Cummings,1/6/66,Employee,11992.33,0,true,michelecummings,Fun!23
146,David,Gardner,9/16/04,Employee,11941.78,0,true,davidgardner,Fun!23
388,Craig,Oconnell,5/29/75,Employee,4527.51,0,true,craigoconnell,Fun!23
389,Joseph,Brooks,10/17/54,Employee,10133.96,0,false,josephbrooks,Fun!23
147,Rachel,Vasquez,10/31/81,Employee,10042.73,0,false,rachelvasquez,Fun!23
148,Ashley,Evans,10/18/79,Employee,12134.15,0,true,ashleyevans,Fun!23
149,Nancy,Morgan,11/18/84,Employee,10411.28,0,false,nancymorgan,Fun!23
40,Isabella,Gaytan,10/9/09,Employee,9753.18,0,true,isabellagaytan,Fun!23
41,Diana,Garcia,2/27/60,Employee,5349.72,0,false,dianagarcia,Fun!23
42,Alexis,Acosta,6/8/80,Employee,7957.55,0,true,alexisacosta,Fun!23
43,Akinyemi,Akinjayeju,5/21/18,Employee,13288.33,0,false,akinyemiakinjayeju,Fun!23
44,Bryan,Arriaga,12/22/73,Employee,14451.46,0,true,bryanarriaga,Fun!23
45,Jessica,Barragan,6/21/07,Employee,7800.11,0,false,jessicabarragan,Fun!23
46,Ruben,CarmonaMedrano,6/6/87,Employee,4757.99,0,true,rubencarmonamedrano,Fun!23
47,Brandon,CartwrightLi,11/9/28,Employee,10397.59,0,true,brandoncartwrightli,Fun!23
48,Jasmin,Cuevas,7/14/33,Employee,7429.13,0,false,jasmincuevas,Fun!23
49,Luis,Del Campo,4/18/40,Employee,9673.12,0,true,luisdel campo,Fun!23
390,Anthony,Hardin,2/18/75,Employee,2134.17,0,false,anthonyhardin,Fun!23
391,Norman,Freeman,5/6/45,Employee,6908.08,0,true,normanfreeman,Fun!23
392,Devin,Diaz,4/4/53,Employee,5126.0,0,true,devindiaz,Fun!23
150,Richard,Vargas,1/2/88,Employee,13016.94,0,true,richardvargas,Fun!23
393,Donna,Travis,2/8/05,Employee,7046.12,0,true,donnatravis,Fun!23
151,Derrick,Grant,9/9/52,Employee,9508.0,0,false,derrickgrant,Fun!23
394,Tanya,Kent,4/11/09,Employee,10311.63,0,true,tanyakent,Fun!23
152,Victoria,Martin,2/28/21,Employee,8016.42,0,false,victoriamartin,Fun!23
395,Keith,Ellis,11/3/17,Employee,6711.7,0,false,keithellis,Fun!23
153,Marissa,Wagner,5/17/89,Employee,4985.2,0,true,marissawagner,Fun!23
154,Stephanie,Harris,12/3/51,Employee,13432.78,0,false,stephanieharris,Fun!23
396,Anthony,Sims,8/26/60,Employee,13709.46,0,false,anthonysims,Fun!23
397,Krystal,Thompson,8/24/09,Employee,4713.24,0,false,krystalthompson,Fun!23
155,Richard,Blackwell,6/9/36,Employee,7027.2,0,false,richardblackwell,Fun!23
398,Benjamin,Ramirez,4/12/00,Employee,11703.53,0,true,benjaminramirez,Fun!23
156,Dylan,Harris,2/6/28,Employee,5319.14,0,false,dylanharris,Fun!23
399,Scott,Rose,3/18/20,Employee,7784.71,0,false,scottrose,Fun!23
157,Philip,Zamora,9/16/33,Employee,5486.51,0,true,philipzamora,Fun!23
158,Melanie,Kirk,6/16/47,Employee,12829.96,0,true,melaniekirk,Fun!23
159,Michael,Moran,7/31/24,Employee,6846.97,0,true,michaelmoran,Fun!23
50,Garab,Dorji,11/7/75,Employee,14518.68,0,true,garabdorji,Fun!23
51,Marc,Driver,6/3/84,Employee,9418.73,0,false,marcdriver,Fun!23
52,Jose,Espinoza Gonzalez,6/19/18,Employee,6918.51,0,true,joseespinoza gonzalez,Fun!23
53,Alondra,GonzalezAyala,4/12/04,Employee,4371.01,0,true,alondragonzalezayala,Fun!23
54,Omar,Hoang,10/10/39,Employee,13435.0,0,true,omarhoang,Fun!23
55,Ian,Islas,3/22/81,Employee,14667.18,0,true,ianislas,Fun!23
56,Victor,Lopez,8/31/51,Employee,14144.58,0,true,victorlopez,Fun!23
57,Denisse,LoyaVillalobos,1/29/53,Employee,10523.1,0,true,denisseloyavillalobos,Fun!23
58,Miguel,Lucero,11/18/33,Employee,8028.13,0,false,miguellucero,Fun!23
59,Daniel,Lucio,2/26/67,Employee,7520.47,0,true,daniellucio,Fun!23
160,Jason,Burke,12/19/14,Employee,13327.94,0,true,jasonburke,Fun!23
161,Susan,Hill,2/3/29,Employee,4188.44,0,false,susanhill,Fun!23
162,Lauren,Neal,9/9/61,Employee,7252.78,0,false,laurenneal,Fun!23
163,Jennifer,Williams,4/18/30,Employee,14445.11,0,true,jenniferwilliams,Fun!23
164,Haley,Moss,5/8/02,Employee,6002.38,0,false,haleymoss,Fun!23
165,Justin,Wilson,9/17/75,Employee,8372.0,0,false,justinwilson,Fun!23
166,Craig,Espinoza,11/2/82,Employee,5348.71,0,false,craigespinoza,Fun!23
167,Julie,Alexander,9/1/44,Employee,12675.06,0,false,juliealexander,Fun!23
168,Anthony,Sanchez,2/1/34,Employee,2506.31,0,true,anthonysanchez,Fun!23
169,Thomas,King,4/19/44,Employee,11349.5,0,false,thomasking,Fun!23
60,Ashley,Magallanes,10/18/27,Employee,3828.39,0,true,ashleymagallanes,Fun!23
61,Leila,Martinez,12/17/88,Employee,10135.16,0,true,leilamartinez,Fun!23
62,Enrique,Munoz,9/7/29,Employee,6240.55,0,true,enriquemunoz,Fun!23
63,Alejandro,Olivas,12/12/90,Employee,2225.3,0,false,alejandroolivas,Fun!23
64,Santiago,Olivas,5/11/42,Employee,8778.06,0,true,santiagoolivas,Fun!23
65,Bella,Quintero,8/29/05,Employee,5818.66,0,true,bellaquintero,Fun!23
66,Samuel,RamosSanchez,9/29/26,Employee,2330.73,0,true,samuelramossanchez,Fun!23
67,Enrique,Rico,3/26/18,Employee,3597.56,0,false,enriquerico,Fun!23
68,Emilia,Rivas,11/24/87,Employee,4980.78,0,false,emiliarivas,Fun!23
69,Mayra,Robles,10/16/26,Employee,8649.54,0,true,mayrarobles,Fun!23
170,Christina,Walker,5/3/81,Employee,6573.61,0,false,christinawalker,Fun!23
171,Linda,Bennett,12/24/34,Employee,3354.42,0,false,lindabennett,Fun!23
172,Karla,Johnson,3/24/33,Employee,10157.16,0,true,karlajohnson,Fun!23
173,Jill,Henderson,3/17/94,Employee,6828.26,0,true,jillhenderson,Fun!23
174,Sandra,Rogers,3/31/47,Employee,6226.71,0,true,sandrarogers,Fun!23
175,Samuel,Harrington,10/15/29,Employee,7895.16,0,false,samuelharrington,Fun!23
176,Andrew,Garcia,12/30/39,Employee,10764.7,0,false,andrewgarcia,Fun!23
177,James,Pittman,9/23/19,Employee,4500.11,0,true,jamespittman,Fun!23
178,Shannon,Holden,1/19/12,Employee,8125.55,0,true,shannonholden,Fun!23
179,Renee,Zimmerman,9/4/91,Employee,6116.02,0,false,reneezimmerman,Fun!23
70,Brian,RodilesDelgado,9/13/32,Employee,5658.02,0,true,brianrodilesdelgado,Fun!23
71,Seth,Rodriguez,2/22/44,Employee,5238.47,0,true,sethrodriguez,Fun!23
72,Jorge,RodriguezOrtega,7/8/55,Employee,9034.81,0,true,jorgerodriguezortega,Fun!23
73,Jose Luis,Rojas,3/16/25,Employee,13282.93,0,true,jose luisrojas,Fun!23
74,Eduardo,Romero,3/8/35,Employee,11994.15,0,false,eduardoromero,Fun!23
75,Gustavo,Rubio,9/16/42,Employee,3501.05,0,true,gustavorubio,Fun!23
76,Sariyah,Russell,7/23/14,Employee,3201.11,0,false,sariyahrussell,Fun!23
77,Ian,Rybak,7/28/09,Employee,4027.63,0,false,ianrybak,Fun!23
78,Luis,Sanchez,12/4/48,Employee,4409.29,0,true,luissanchez,Fun!23
79,Michael,Santoyo,4/28/47,Employee,10891.1,0,true,michaelsantoyo,Fun!23
180,Richard,Brown,8/11/64,Employee,2248.0,0,true,richardbrown,Fun!23
181,Michael,Smith,6/27/14,Employee,14063.32,0,true,michaelsmith,Fun!23
182,Nathan,Coleman,2/16/38,Employee,2763.09,0,true,nathancoleman,Fun!23
183,Kimberly,Richardson,9/21/30,Employee,12365.4,0,true,kimberlyrichardson,Fun!23
184,Emily,Richardson,2/18/78,Employee,14580.75,0,true,emilyrichardson,Fun!23
185,Michael,White,12/21/72,Employee,10275.77,0,true,michaelwhite,Fun!23
186,Cody,Scott,12/3/32,Employee,8381.28,0,true,codyscott,Fun!23
187,Jeremy,Alvarez,2/16/83,Employee,7816.24,0,false,jeremyalvarez,Fun!23
188,Keith,Ortiz,8/23/19,Employee,11014.86,0,false,keithortiz,Fun!23
189,Mark,Ramos,6/25/69,Employee,12293.0,0,true,markramos,Fun!23
80,Gabriela,SigalaAcosta,1/6/02,Employee,6561.62,0,false,gabrielasigalaacosta,Fun!23
81,Andres,Soto,9/13/37,Employee,11826.04,0,true,andressoto,Fun!23
82,Gabriel,Terrazas,9/17/44,Employee,5391.29,0,true,gabrielterrazas,Fun!23
83,Sonam,Tshering,4/9/56,Employee,12076.64,0,false,sonamtshering,Fun!23
84,Christina,Valtierra,12/15/12,Employee,13817.91,0,false,christinavaltierra,Fun!23
85,Francisco,Vazquez,4/13/29,Employee,13433.73,0,false,franciscovazquez,Fun!23
86,Andrea,Villagomez,9/10/82,Employee,14485.19,0,true,andreavillagomez,Fun!23
87,Alberto,Villegas,12/6/20,Employee,3619.29,0,false,albertovillegas,Fun!23
88,Geoff,Waller,7/29/31,Employee,6009.32,0,true,geoffwaller,Fun!23
89,Jeffrey,Walls,2/3/52,Employee,13145.35,0,false,jeffreywalls,Fun!23
190,Eric,Vazquez,4/18/96,Employee,4724.47,0,false,ericvazquez,Fun!23
191,James,Hammond,7/26/66,Employee,6120.89,0,false,jameshammond,Fun!23
192,Michelle,Maldonado,5/31/24,Employee,13159.21,0,false,michellemaldonado,Fun!23
193,Jeremy,Morris,12/26/79,Employee,13003.87,0,true,jeremymorris,Fun!23
194,Olivia,Romero,5/22/78,Employee,8931.85,0,false,oliviaromero,Fun!23
195,Nicholas,Anderson,10/5/23,Employee,5080.43,0,false,nicholasanderson,Fun!23
196,Kim,Buckley,9/16/61,Employee,5423.56,0,true,kimbuckley,Fun!23
197,Nicole,Rowland,2/19/84,Employee,14486.57,0,true,nicolerowland,Fun!23
198,Samantha,Howell,4/24/84,Employee,2556.57,0,true,samanthahowell,Fun!23
199,Jerry,Lee,6/2/74,Employee,3519.76,0,true,jerrylee,Fun!23
90,Alex,Watson,9/14/49,Employee,14963.88,0,true,alexwatson,Fun!23
91,Tom,Perez,4/2/54,Employee,2368.65,0,true,tomperez,Fun!23
92,Brad,Patel,12/17/84,Employee,7260.98,0,false,bradpatel,Fun!23
93,Robert,Lyons,4/1/83,Employee,7348.76,0,false,robertlyons,Fun!23
94,Dana,Williams,3/7/19,Employee,6817.43,0,true,danawilliams,Fun!23
95,Brittany,Andrews,2/2/94,Employee,9551.73,0,true,brittanyandrews,Fun!23
96,Sean,Klein,2/26/82,Employee,14359.43,0,true,seanklein,Fun!23
97,Stephanie,Mcdonald,8/26/57,Employee,12824.46,0,true,stephaniemcdonald,Fun!23
98,Daniel,Olson,12/21/17,Employee,4290.23,0,true,danielolson,Fun!23
99,Christopher,Contreras,6/5/42,Employee,8645.25,0,true,christophercontreras,Fun!23
